rundate,invrecordno,companyno,purchasedate,stockno,style,cost,totalrepair,writedown,flooramount,totalcost,desiredamountdown,colorexterior,purchasefrom,lotno,vin,status,trans,payment,payperiod,buyersfee,sellprice,cash,paidfor,weight,titlein,currentmiles,netcost,year,make,model,trim,age,doors,floorcost,saledate,fprecordid,location,planname,dateclosed,floor,inspectiondate,deleteddate,backofbook,bbwholesale,nadatradein,gpsdeviceserial,drivetrain,axles,length,slideouts,sleepingcap,brand,invdesc,
3/27/2026 1:17:59 PM,4741,33532001,2/18/2026 12:00:00 AM,26058,,0.00,0.00,0.00,0,0.00,0.00,,UNASSIGNED,1,,INSTOCK,,0.00, ,0.00,0.00,0.00,False,0,False,0,0.00,,,,,7,,0,,0,0,,1/1/2001 12:00:00 AM,False,,,0.0000,,,,,0,,0,0,,
3/27/2026 1:17:59 PM,1799,33532001,11/11/2022 12:00:00 AM,,,0.00,0.00,0.00,0,0.00,0.00,,UNASSIGNED,1,,INSTOCK,,0.00, ,0.00,0.00,0.00,False,0,False,0,0.00,,,,,7,,0,,0,0,,1/1/2001 12:00:00 AM,False,,,0.0000,,,,,0,,0,0,,
3/27/2026 1:17:59 PM,400,33532001,7/7/2018 12:00:00 AM,,,0.00,0.00,0.00,0,0.00,0.00,,UNASSIGNED,1,,INSTOCK,,0.00, ,0.00,0.00,0.00,False,0,False,0,0.00,,,,,7,,0,,0,0,,1/1/2001 12:00:00 AM,False,,,0.0000,,,,,0,,0,2,,
3/27/2026 1:17:59 PM,692,33532001,3/5/2020 12:00:00 AM,,,0.00,0.00,0.00,0,0.00,0.00,,UNASSIGNED,1,,INSTOCK,,0.00, ,0.00,0.00,0.00,False,0,False,0,0.00,,,,,7,,0,,0,0,,1/1/2001 12:00:00 AM,False,,,0.0000,,,,,0,,0,0,,
3/27/2026 1:17:59 PM,374,33532001,5/14/2018 12:00:00 AM,,,0.00,0.00,0.00,0,0.00,0.00,,UNASSIGNED,1,,INSTOCK,,0.00, ,0.00,0.00,0.00,False,0,False,0,0.00,,,,,7,,0,,0,0,,1/1/2001 12:00:00 AM,False,,,0.0000,,,,,0,,0,2,,
3/27/2026 1:17:59 PM,671,33532001,2/10/2020 12:00:00 AM,,,0.00,0.00,0.00,0,0.00,0.00,,UNASSIGNED,1,,INSTOCK,,0.00, ,0.00,0.00,0.00,False,0,False,0,0.00,,,,,7,,0,,0,0,,1/1/2001 12:00:00 AM,False,,,0.0000,,,,,0,,0,0,,
3/27/2026 1:17:59 PM,389,33532001,6/7/2018 12:00:00 AM,,,0.00,0.00,0.00,0,0.00,0.00,,UNASSIGNED,1,,INSTOCK,,0.00, ,0.00,0.00,0.00,False,0,False,0,0.00,,,,,7,,0,,0,0,,1/1/2001 12:00:00 AM,False,,,0.0000,,,,,0,,0,2,,
3/27/2026 1:17:59 PM,379,33532001,5/19/2018 12:00:00 AM,,,0.00,0.00,0.00,0,0.00,0.00,,UNASSIGNED,1,,INSTOCK,,0.00, ,0.00,0.00,0.00,False,0,False,0,0.00,,,,,7,,0,,0,0,,1/1/2001 12:00:00 AM,False,,,0.0000,,,,,0,,0,2,,
3/27/2026 1:17:59 PM,1800,33532001,11/11/2022 12:00:00 AM,,,0.00,0.00,0.00,0,0.00,0.00,,UNASSIGNED,1,,INSTOCK,,0.00, ,0.00,0.00,0.00,False,0,False,0,0.00,,,,,7,,0,,0,0,,1/1/2001 12:00:00 AM,False,,,0.0000,,,,,0,,0,0,,
3/27/2026 1:17:59 PM,372,33532001,5/10/2018 12:00:00 AM,,,0.00,0.00,0.00,0,0.00,0.00,,UNASSIGNED,1,,INSTOCK,,0.00, ,0.00,0.00,0.00,False,0,False,0,0.00,,,,,7,,0,,0,0,,1/1/2001 12:00:00 AM,False,,,0.0000,,,,,0,,0,2,,
3/27/2026 1:17:59 PM,1705,33532001,8/31/2022 12:00:00 AM,,,0.00,0.00,0.00,0,0.00,0.00,,UNASSIGNED,1,,INSTOCK,,0.00, ,0.00,0.00,0.00,False,0,False,0,0.00,,,,,7,,0,,0,0,,1/1/2001 12:00:00 AM,False,,,0.0000,,,,,0,,0,0,,
3/27/2026 1:17:59 PM,810,33532001,8/12/2020 12:00:00 AM,,,0.00,0.00,0.00,0,0.00,0.00,,UNASSIGNED,1,,INSTOCK,,0.00, ,0.00,0.00,0.00,False,0,False,0,0.00,,,,,7,,0,,0,0,,1/1/2001 12:00:00 AM,False,,,0.0000,,,,,0,,0,0,,
3/27/2026 1:17:59 PM,1262,33532001,8/4/2021 12:00:00 AM,,,0.00,0.00,0.00,0,0.00,0.00,,UNASSIGNED,1,,INSTOCK,,0.00, ,0.00,0.00,0.00,False,0,False,0,0.00,,,,,7,,0,,0,0,,1/1/2001 12:00:00 AM,False,,,0.0000,,,,,0,,0,0,,
3/27/2026 1:17:59 PM,1561,33532001,4/29/2022 12:00:00 AM,,,0.00,0.00,0.00,0,0.00,0.00,,UNASSIGNED,1,,INSTOCK,,0.00, ,0.00,0.00,0.00,False,0,False,0,0.00,,,,,7,,0,,0,0,,1/1/2001 12:00:00 AM,False,,,0.0000,,,,,0,,0,0,,
3/27/2026 1:17:59 PM,380,33532001,5/19/2018 12:00:00 AM,,,0.00,0.00,0.00,0,0.00,0.00,,UNASSIGNED,1,,INSTOCK,,0.00, ,0.00,0.00,0.00,False,0,False,0,0.00,,,,,7,,0,,0,0,,1/1/2001 12:00:00 AM,False,,,0.0000,,,,,0,,0,2,,
3/27/2026 1:17:59 PM,4673,33532001,1/15/2026 12:00:00 AM,25671,4D SUV,0.00,0.00,0.00,0,0.00,0.00,BLACK,TRADE IN 4395,3,2HNYD18233H535787,INSTOCK,,0.00, ,0.00,0.00,0.00,False,0,False,266354,0.00,2003,Acura,MDX,Base,23,,0,,0,0,,1/1/2001 12:00:00 AM,False,,,0.0000,,,,,0,,0,0,,2003 Acura MDX  4D SUV  3.5L V6 SOHC 3.5L
3/27/2026 1:17:59 PM,4740,33532001,2/17/2026 12:00:00 AM,26057,UT,1100.00,0.00,0.00,0,1275.00,0.00,BURGUNDY,UNASSIGNED,1,2HNYD2H33CH520513,INSTOCK,AUTO,0.00, ,175.00,0.00,0.00,False,0,False,227151,1275.00,2012,Acura,MDX,Tech,14,,0,,0,0,,1/1/2001 12:00:00 AM,False,,,0.0000,,,,,0,,0,0,,2012 Acura MDX  4D SUV  3.7L V6 PGM-FI SOHC VTEC 
3/27/2026 1:17:59 PM,3218,33532001,6/28/2024 12:00:00 AM,24366,4D Sedan,0.00,0.00,0.00,0,0.00,0.00,BLACK,UNASSIGNED,1,19UUA66236A008771,INSTOCK,,0.00, ,0.00,0.00,0.00,False,0,False,215851,0.00,2006,Acura,TL,Base,20,,0,,0,0,,1/1/2001 12:00:00 AM,False,,,0.0000,,,,,0,,0,0,,2006 Acura TL  4D Sedan  3.2L V6 EFI SOHC 3.2L
3/27/2026 1:17:59 PM,3503,33532001,10/3/2024 12:00:00 AM,24553,4D Sedan,2585.00,0.00,0.00,0,2585.00,0.00,WHITE,Car Factory Deland,1,JH4CU266X9C026186,INSTOCK,AUTO,0.00, ,0.00,0.00,0.00,True,0,False,186198,2585.00,2009,Acura,TSX,Tech,17,,0,,0,0,,1/1/2001 12:00:00 AM,False,,,0.0000,,,,,0,,0,0,,2009 Acura TSX  4D Sedan  2.4L I-4 MPI DOHC 2.4L
3/27/2026 1:17:59 PM,4101,33532001,3/4/2025 12:00:00 AM,25267,2D Cabrio 2.0T,2445.00,0.00,0.00,0,2445.00,0.00,WHITE,REPO 3625,2,WAUJFAFH9BN016190,REPO,AUTO,0.00, ,0.00,0.00,0.00,True,0,False,177156,2445.00,2011,Audi,A5,Premium Plus,15,,0,,0,0,,1/1/2001 12:00:00 AM,False,,,0.0000,,,,,0,,0,0,,2011 Audi A5  2D Cabrio 2.0T  2.0L I-4 FSI DOHC T/C 2.0
3/27/2026 1:17:59 PM,3953,33532001,4/5/2025 12:00:00 AM,25153,4D Sedan Qtro 2.0T,6000.00,0.00,0.00,0,6000.00,0.00,BLACK,UNASSIGNED,1,WAUGFAFC4EN089289,INSTOCK,AUTO,0.00, ,0.00,0.00,0.00,False,0,False,118401,6000.00,2014,Audi,A6,Premium Plus,12,,0,,0,0,,1/1/2001 12:00:00 AM,False,,,0.0000,,,,,0,,0,0,,2014 Audi A6  4D Sedan Qtro 2.0T  2.0L I-4 DI DOHC T/C 2.0L
3/27/2026 1:17:59 PM,2954,33532001,4/8/2024 12:00:00 AM,24179,4D Sedan,4014.00,0.00,0.00,0,4014.00,0.00,BLACK,REPO 3233,2,WBA3A5G54DNP20383,REPO,AUTOMATIC,0.00, ,0.00,0.00,0.00,True,0,False,136456,4014.00,2013,BMW,3-Series,328i,13,,0,,0,0,,1/1/2001 12:00:00 AM,False,,,0.0000,,,,,0,,0,0,,2013 BMW 3-Series  4D Sedan  2.0L I-4 DI DOHC T/C 2.0L
3/27/2026 1:17:59 PM,2176,33532001,6/15/2023 12:00:00 AM,23-234,4D Sedan,4600.00,0.00,0.00,0,5085.00,0.00,BLACK,UNASSIGNED,1,WBA3A5C56DJ460615,INSTOCK,AUTO,0.00, ,485.00,0.00,0.00,False,0,False,100439,5085.00,2013,BMW,3-Series,328i,13,,0,,0,0,,1/1/2001 12:00:00 AM,False,,,0.0000,,,,,0,,0,0,,2013 BMW 3-Series  4D Sedan  2.0L I-4 DI DOHC T/C 2.0L
3/27/2026 1:17:59 PM,2928,33532001,4/2/2024 12:00:00 AM,24161,4D Sedan,3700.00,0.00,0.00,0,3975.00,0.00,ALUMINUM,UNASSIGNED,1,WBA3B3C55DF538807,INSTOCK,AUTO,0.00, ,275.00,0.00,0.00,False,0,False,181059,3975.00,2013,BMW,3-Series,328xi,13,,0,,0,0,,1/1/2001 12:00:00 AM,False,,,0.0000,,,,,0,,0,0,,2013 BMW 3-Series  4D Sedan  2.0L I-4 DI DOHC T/C 2.0L
3/27/2026 1:17:59 PM,4572,33532001,12/17/2025 12:00:00 AM,25607,4D Sedan,2200.00,0.00,0.00,0,2575.00,0.00,WHITE,UNASSIGNED,1,WBA3B1C54EP679884,INSTOCK,AUTO,0.00, ,375.00,0.00,0.00,False,0,False,148320,2575.00,2014,BMW,3-Series,320i,12,,0,,0,0,,1/1/2001 12:00:00 AM,False,,,0.0000,,,,,0,,0,0,,2014 BMW 3-Series  4D Sedan  2.0L I-4 DI DOHC T/C 2.0L
3/27/2026 1:17:59 PM,4574,33532001,12/17/2025 12:00:00 AM,25609,4D Sedan,1400.00,0.00,0.00,0,1675.00,0.00,RED,UNASSIGNED,1,WBA3A5C50EJ463818,INSTOCK,AUTO,0.00, ,275.00,0.00,0.00,False,0,False,153320,1675.00,2014,BMW,3-Series,328i,12,,0,,0,0,,1/1/2001 12:00:00 AM,False,,,0.0000,,,,,0,,0,0,,2014 BMW 3-Series  4D Sedan  2.0L I-4 DI DOHC T/C 2.0L
3/27/2026 1:17:59 PM,3554,33532001,10/25/2024 12:00:00 AM,24597,4D Sedan,3000.00,0.00,0.00,0,3300.00,0.00,BLACK,UNASSIGNED,1,WBA3A5G58FNS86598,INSTOCK,AUTO,0.00, ,300.00,0.00,0.00,False,0,False,113859,3300.00,2015,BMW,3-Series,328i,11,,0,,0,0,,1/1/2001 12:00:00 AM,False,,,0.0000,,,,,0,,0,0,,2015 BMW 3-Series  4D Sedan  2.0L I-4 DI DOHC T/C 2.0L
3/27/2026 1:17:59 PM,1311,33532001,9/10/2021 12:00:00 AM,21-279,4D Sedan,2800.00,0.00,0.00,0,3165.00,0.00,ALUMINUM,UNASSIGNED,1,WBANE73506CM40487,INSTOCK,AUTO,0.00, ,365.00,0.00,0.00,False,0,False,158283,3165.00,2006,BMW,5-Series,530i,20,,0,,0,0,,1/1/2001 12:00:00 AM,False,,,0.0000,,,,,0,,0,0,,2006 BMW 5-Series  4D Sedan  3.0L I-6 EFI DOHC 3.0L
3/27/2026 1:17:59 PM,4200,33532001,7/16/2025 12:00:00 AM,25344,4D SUV,0.00,0.00,0.00,0,0.00,0.00,ALUMINUM,REPO 3907,2,WBAVM1C50EVW55306,REPO,AUTO,0.00, ,0.00,0.00,0.00,True,0,False,144123,0.00,2014,BMW,X1,sDrive28i,12,,0,,0,0,,1/1/2001 12:00:00 AM,False,,,0.0000,,,,,0,,0,0,,2014 BMW X1  4D SUV  2.0L I-4 DI DOHC T/C 2.0L
3/27/2026 1:17:59 PM,3909,33532001,3/23/2025 12:00:00 AM,25120,4D SUV,3932.00,0.00,0.00,0,3932.00,0.00,ALUMINUM,Car Factory Deland,2,WBAVM1C53EVW50407,INSTOCK,AUTO,0.00, ,0.00,0.00,0.00,True,0,False,125409,3932.00,2014,BMW,X1,sDrive28i,12,,0,,0,0,,1/1/2001 12:00:00 AM,False,,,0.0000,,,,,0,,0,0,,2014 BMW X1  4D SUV  2.0L I-4 DI DOHC T/C 2.0L
3/27/2026 1:17:59 PM,4386,33532001,9/17/2025 12:00:00 AM,25477,UT,2500.00,0.00,0.00,0,2500.00,0.00,PINK,REPO 3715,2,WBAVM1C59FV315105,REPO,AUTO,0.00, ,0.00,0.00,0.00,True,0,False,110120,2500.00,2015,BMW,X1,sDrive28i,11,,0,,0,0,,1/1/2001 12:00:00 AM,False,,,0.0000,,,,,0,,0,0,,2015 BMW X1  4D SUV  2.0L I-4 DI DOHC T/C 2.0L
3/27/2026 1:17:59 PM,2038,33532001,3/15/2023 12:00:00 AM,23-101,4D SAV 3.0i,0.00,0.00,0.00,0,0.00,0.00,RED,TRADE IN 2618,3,5UXFA53553LV99779,INSTOCK,,0.00, ,0.00,0.00,0.00,False,0,False,130248,0.00,2003,BMW,X5,,23,,0,,0,0,,1/1/2001 12:00:00 AM,False,,,0.0000,,,,,0,,0,0,,2003 BMW X5  4D SAV 3.0i  3.0L I-6 EFI DOHC 3.0L
3/27/2026 1:17:59 PM,2109,33532001,5/18/2023 12:00:00 AM,23-185,4D Sedan,1100.00,0.00,0.00,0,1350.00,0.00,GRAY,UNASSIGNED,1,1G4HP54K62U289190,INSTOCK,AUTO,0.00, ,250.00,0.00,0.00,False,0,False,141853,1350.00,2002,Buick,LeSabre,Custom,24,,0,,0,0,,1/1/2001 12:00:00 AM,False,,,0.0000,,,,,0,,0,0,,2002 Buick LeSabre  4D Sedan  3.8L V6 MFI 3.8L
3/27/2026 1:17:59 PM,4371,33532001,9/15/2025 12:00:00 AM,25467,4D Sedan,800.00,0.00,0.00,0,800.00,0.00,ALUMINUM,REPO 3980,2,1G4HP52K83U240688,REPO,AUTO,0.00, ,0.00,0.00,0.00,True,0,False,119213,800.00,2003,Buick,LeSabre,Custom,23,,0,,0,0,,1/1/2001 12:00:00 AM,False,,,0.0000,,,,,0,,0,0,,2003 Buick LeSabre  4D Sedan  3.8L V6 MFI 3.8L
3/27/2026 1:17:59 PM,4404,33532001,9/25/2025 12:00:00 AM,25492,2D Coupe,4500.00,0.00,0.00,0,4740.00,0.00,BLUE,UNASSIGNED,1,1G6DA1E30C0158191,INSTOCK,AUTO,0.00, ,240.00,0.00,0.00,False,0,False,133029,4740.00,2012,Cadillac,CTS,3.6,14,,0,,0,0,,1/1/2001 12:00:00 AM,False,,,0.0000,,,,,0,,0,0,,2012 Cadillac CTS  2D Coupe  3.6L V6 DI DOHC 3.6L
3/27/2026 1:17:59 PM,540,33532001,6/5/2019 12:00:00 AM,19-53,4D Sedan,700.00,0.00,0.00,0,880.00,0.00,GRAY,UNASSIGNED,1,1G6KD54Y33U259575,INSTOCK,AUTO,0.00, ,180.00,0.00,0.00,False,0,False,144657,880.00,2003,Cadillac,DeVille,Base,23,,0,,0,0,,1/1/2001 12:00:00 AM,False,,,0.0000,,,,,0,,0,0,,2003 Cadillac DeVille  4D Sedan  4.6L V8 MPI DOHC 4.6L
3/27/2026 1:17:59 PM,4506,33532001,11/13/2025 12:00:00 AM,25564,UT,2400.00,0.00,0.00,0,2680.00,0.00,WHITE,UNASSIGNED,1,3GYFK62827G214725,INSTOCK,AUTO,0.00, ,280.00,0.00,0.00,False,0,False,190449,2680.00,2007,Cadillac,Escalade,Base,19,,0,,0,0,,1/1/2001 12:00:00 AM,False,,,0.0000,,,,,0,,0,0,,2007 Cadillac Escalade  4D SUV AWD Ext  6.2L V8 SFI OHV HO 6.2L
3/27/2026 1:17:59 PM,4765,33532001,2/26/2026 12:00:00 AM,26074,2D Coupe,3700.00,0.00,0.00,0,4010.00,0.00,TURQUOISE,UNASSIGNED,1,2G1FP22PXT2123473,INSTOCK,AUTO,0.00, ,310.00,0.00,0.00,False,0,False,95744,4010.00,1996,Chevrolet,Camaro,Z28,30,,0,,0,0,,1/1/2001 12:00:00 AM,False,,,0.0000,,,,,0,,0,0,,1996 Chevrolet Camaro  2D Coupe  5.7L V8 SFI 5.7L
3/27/2026 1:17:59 PM,2123,33532001,5/5/2023 12:00:00 AM,23-166,2D Coupe,0.00,0.00,0.00,0,0.00,0.00,RED,TRADE IN 2687,3,2G1FP22KXV2149563,INSTOCK,,0.00, ,0.00,0.00,0.00,False,0,False,133221,0.00,1997,Chevrolet,Camaro,Base,29,,0,,0,0,,1/1/2001 12:00:00 AM,False,,,0.0000,,,,,0,,0,0,,1997 Chevrolet Camaro  2D Coupe  3.8L V6 SFI 3.8L
3/27/2026 1:17:59 PM,4783,33532001,3/3/2026 12:00:00 AM,26089,2D Coupe,2000.00,0.00,0.00,0,2475.00,0.00,BLACK,UNASSIGNED,1,2G1FF1E35C9198482,INSTOCK,AUTO,0.00, ,475.00,0.00,0.00,False,0,False,169159,2475.00,2012,Chevrolet,Camaro,LT,14,,0,,0,0,,1/1/2001 12:00:00 AM,False,,,0.0000,,,,,0,,0,0,,2012 Chevrolet Camaro  2D Coupe  3.6L V6 SIDI DOHC Flex 3.
3/27/2026 1:17:59 PM,4824,33532001,3/17/2026 12:00:00 AM,26123,2D Coupe,2900.00,0.00,0.00,0,2900.00,0.00,ALUMINUM,UNASSIGNED,1,2G1FC1E3XD9164869,INSTOCK,AUTO,0.00, ,0.00,0.00,0.00,False,0,False,190790,2900.00,2013,Chevrolet,Camaro,LT,13,,0,,0,0,,1/1/2001 12:00:00 AM,False,,,0.0000,,,,,0,,0,0,,2013 Chevrolet Camaro  2D Coupe  3.6L V6 SIDI DOHC Flex 3.
3/27/2026 1:17:59 PM,4622,33532001,1/8/2026 12:00:00 AM,25649,2D Coupe,3800.00,0.00,0.00,0,4140.00,0.00,BLUE,UNASSIGNED,1,2G1FA1E36F9221688,INSTOCK,MANUAL,0.00, ,340.00,0.00,0.00,False,0,False,133819,4140.00,2015,Chevrolet,Camaro,LS,11,,0,,0,0,,1/1/2001 12:00:00 AM,False,,,0.0000,,,,,0,,0,0,,2015 Chevrolet Camaro  2D Coupe  3.6L V6 SIDI DOHC Flex 3.
3/27/2026 1:17:59 PM,3258,33532001,7/11/2024 12:00:00 AM,24395,,600.00,0.00,0.00,0,715.00,0.00,WHITE,UNASSIGNED,1,2GCEK19R5W1107453,INSTOCK,AUTO,0.00, ,115.00,0.00,0.00,False,0,False,207463,715.00,1998,Chevrolet,C/K1500,Cheyenne,28,,0,,0,0,,1/1/2001 12:00:00 AM,False,,,0.0000,,,,,0,,0,0,,1998 Chevrolet C/K1500  Ext Cab 4WD  5.7L V8 SFI 5.7L
3/27/2026 1:17:59 PM,3192,33532001,6/21/2024 12:00:00 AM,24347,,0.00,0.00,0.00,0,0.00,0.00,BLUE,Car Factory Deland,3,1GCHK39R1WF003608,INSTOCK,AUTOMATIC,0.00, ,0.00,0.00,0.00,True,0,False,146152,0.00,1998,Chevrolet,C/K3500,Cheyenne,28,,0,,0,0,,1/1/2001 12:00:00 AM,False,,,0.0000,,,,,0,,0,0,,1998 Chevrolet C/K3500  Ext Cab 4WD DRW  5.7L V8 SFI 5.7L
3/27/2026 1:17:59 PM,2934,33532001,3/29/2024 12:00:00 AM,24155,4D Sedan,0.00,0.00,0.00,0,0.00,0.00,WHITE,TRADE IN 3274,3,1G1AL52F057585616,INSTOCK,,0.00, ,0.00,0.00,0.00,False,0,False,156241,0.00,2005,Chevrolet,Cobalt,LS,21,,0,,0,0,,1/1/2001 12:00:00 AM,False,,,0.0000,,,,,0,,0,0,,2005 Chevrolet Cobalt  4D Sedan  2.2L I-4 MPI DOHC 2.2L
3/27/2026 1:17:59 PM,2253,33532001,7/20/2023 12:00:00 AM,23-307,2D Coupe,1000.00,0.00,0.00,0,1000.00,0.00,ALUMINUM,REPO 2619,2,1G1AD1F52A7166877,REPO,AUTO,0.00, ,0.00,0.00,0.00,True,0,False,201122,1000.00,2010,Chevrolet,Cobalt,LT,16,,0,,0,0,,1/1/2001 12:00:00 AM,False,,,0.0000,,,,,0,,0,0,,2010 Chevrolet Cobalt  2D Coupe  2.2L I-4 MPI DOHC 2.2L
3/27/2026 1:17:59 PM,3756,33532001,1/16/2025 12:00:00 AM,24727,4D Sedan,0.00,0.00,0.00,0,0.00,0.00,WHITE,TRADE IN 3812,3,1G1PF5SC0C7179159,INSTOCK,,0.00, ,0.00,0.00,0.00,False,0,False,148297,0.00,2012,Chevrolet,Cruze,LT,14,,0,,0,0,,1/1/2001 12:00:00 AM,False,,,0.0000,,,,,0,,0,0,,2012 Chevrolet Cruze  4D Sedan  1.4L I-4 MFI DOHC T/C 1.4
3/27/2026 1:17:59 PM,3724,33532001,1/1/2025 12:00:00 AM,24718,Reg Cab,1886.00,0.00,0.00,0,1886.00,0.00,WHITE,REPO 3160,2,1GCCS145X1K157088,REPO,MANUAL,0.00, ,0.00,0.00,0.00,True,0,False,245000,1886.00,2001,Chevrolet,S10,LS,25,,0,,0,0,,1/1/2001 12:00:00 AM,False,,,0.0000,,,,,0,,0,0,,2001 Chevrolet S10  Reg Cab  2.2L I-4 SFI Flex 2.2L
3/27/2026 1:17:59 PM,2788,33532001,2/14/2024 12:00:00 AM,24062,,2400.00,0.00,0.00,0,2845.00,0.00,GRAY,UNASSIGNED,1,3GCPCREA9BG273674,INSTOCK,AUTO,0.00, ,445.00,0.00,0.00,False,0,False,234778,2845.00,2011,Chevrolet,Silverado 1500,LS,15,,0,,0,0,,1/1/2001 12:00:00 AM,False,,,0.0000,,,,,0,,0,0,,2011 Chevrolet Silverado 1500  Crew Cab  4.8L V8 SFI OHV Flex 4.8L
3/27/2026 1:17:59 PM,4071,33532001,5/22/2025 12:00:00 AM,25241,,3000.00,0.00,0.00,0,3390.00,0.00,GRAY,UNASSIGNED,1,1GCVKREH4FZ202623,INSTOCK,AUTO,0.00, ,390.00,0.00,0.00,False,0,False,208801,3390.00,2015,Chevrolet,Silverado 1500,LT,11,,0,,0,0,,1/1/2001 12:00:00 AM,False,,,0.0000,,,,,0,,0,0,,2015 Chevrolet Silverado 1500  Double Cab 4WD  4.3L V6 DI VVT Flex 4.3L
3/27/2026 1:17:59 PM,4552,33532001,12/10/2025 12:00:00 AM,25594,UT,3500.00,0.00,0.00,0,3500.00,0.00,BLACK,REPO 4223,2,1GNFK36319R284293,REPO,AUTO,0.00, ,0.00,0.00,0.00,True,0,False,205123,3500.00,2009,Chevrolet,Suburban,1500 LTZ,17,,0,,0,0,,1/1/2001 12:00:00 AM,False,,,0.0000,,,,,0,,0,0,,2009 Chevrolet Suburban  4D SUV 4WD  5.3L V8 SFI Flex 5.3L
3/27/2026 1:17:59 PM,2309,33532001,8/15/2023 12:00:00 AM,23-354,UT,3000.00,0.00,0.00,0,3000.00,0.00,BLACK,REPO 2594,2,1GNSCAE03DR121113,REPO,AUTO,0.00, ,0.00,0.00,0.00,True,0,False,314125,3000.00,2013,Chevrolet,Tahoe,LS,13,,0,,0,0,,1/1/2001 12:00:00 AM,False,,,0.0000,,,,,0,,0,0,,2013 Chevrolet Tahoe  4D SUV RWD  5.3L V8 SFI Flex 5.3L
3/27/2026 1:17:59 PM,2302,33532001,7/19/2023 12:00:00 AM,23-304,4D SUV RWD,0.00,0.00,0.00,0,0.00,0.00,ALUMINUM,TRADE IN 2796,3,1GNDS13S142254560,INSTOCK,,0.00, ,0.00,0.00,0.00,False,0,False,212014,0.00,2004,Chevrolet,Trailblazer,LS,22,,0,,0,0,,1/1/2001 12:00:00 AM,False,,,0.0000,,,,,0,,0,0,,2004 Chevrolet Trailblazer  4D SUV RWD  4.2L I-6 MPI DOHC 4.2L
3/27/2026 1:17:59 PM,2303,33532001,7/23/2023 12:00:00 AM,23-314,4D SUV,0.00,0.00,0.00,0,0.00,0.00,,TRADE IN 2808,3,3C8FY68B83T648476,INSTOCK,,0.00, ,0.00,0.00,0.00,False,0,False,164554,0.00,2003,Chrysler,PT Cruiser,Limited Edition,23,,0,,0,0,,1/1/2001 12:00:00 AM,False,,,0.0000,,,,,0,,0,0,,2003 Chrysler PT Cruiser  4D SUV  2.4L I-4 MPI 2.4L
3/27/2026 1:17:59 PM,4453,33532001,10/9/2025 12:00:00 AM,25507,4D Hatchback,0.00,0.00,0.00,0,0.00,0.00,ALUMINUM,TRADE IN 4248,3,1B3CB3HA4BD261893,INSTOCK,,0.00, ,0.00,0.00,0.00,False,0,False,168957,0.00,2011,Dodge,Caliber,Mainstreet,15,,0,,0,0,,1/1/2001 12:00:00 AM,False,,,0.0000,,,,,0,,0,0,,2011 Dodge Caliber  4D Hatchback  2.0L I-4 SFI SOHC 2.0L
3/27/2026 1:17:59 PM,4194,33532001,7/3/2025 12:00:00 AM,25319,4D SUV 4WD,0.00,0.00,0.00,0,0.00,0.00,RED,TRADE IN 4101,3,1D4HS48Z83F627749,INSTOCK,,0.00, ,0.00,0.00,0.00,False,0,False,237541,0.00,2003,Dodge,Durango,SLT,23,,0,,0,0,,1/1/2001 12:00:00 AM,False,,,0.0000,,,,,0,,0,0,,2003 Dodge Durango  4D SUV 4WD  5.9L V8 SFI 5.9L
3/27/2026 1:17:59 PM,1883,33532001,12/15/2022 12:00:00 AM,22-389,UT,1700.00,0.00,0.00,0,2095.00,0.00,BLUE,UNASSIGNED,1,1D8HD48P17F561025,INSTOCK,AUTO,0.00, ,395.00,0.00,0.00,False,0,False,255769,2095.00,2007,Dodge,Durango,SLT,19,,0,,0,0,,1/1/2001 12:00:00 AM,False,,,0.0000,,,,,0,,0,0,,2007 Dodge Durango  4D SUV RWD  4.7L V8 EFI Flex 4.7L
3/27/2026 1:17:59 PM,4191,33532001,7/14/2025 12:00:00 AM,25341,UT,4000.00,0.00,0.00,0,4000.00,0.00,GRAY,UNASSIGNED,1,1D4RD4GGOBC729352,INSTOCK,AUTO,0.00, ,0.00,0.00,0.00,False,0,False,192219,4000.00,2011,Dodge,Durango,Crew,15,,0,,0,0,,1/1/2001 12:00:00 AM,False,,,0.0000,,,,,0,,0,0,,2011 Dodge Durango  4D SUV RWD  3.6L V6 MPI DOHC 3.6L
3/27/2026 1:17:59 PM,4727,33532001,2/14/2026 12:00:00 AM,26046,UT,4600.00,0.00,0.00,0,4600.00,0.00,RED,REPO 4364,2,1D4SE6GT7BC682683,REPO,AUTO,0.00, ,0.00,0.00,0.00,True,0,False,196123,4600.00,2011,Dodge,Durango,R/T,15,,0,,0,0,,1/1/2001 12:00:00 AM,False,,,0.0000,,,,,0,,0,0,,2011 Dodge Durango  4D SUV AWD  5.7L V8 MPI Hemi 5.7L
3/27/2026 1:17:59 PM,4841,33532001,3/20/2026 12:00:00 AM,26134,Wagon,0.00,0.00,0.00,0,0.00,0.00,WHITE,TRADE IN 4521,3,2B4GP44GXXR161316,INSTOCK,,0.00, ,0.00,0.00,0.00,False,0,False,197458,0.00,1999,Dodge,Grand Caravan,SE,27,,0,,0,0,,1/1/2001 12:00:00 AM,False,,,0.0000,,,,,0,,0,0,,1999 Dodge Grand Caravan  Wagon  3.3L V6 SFI Flex 3.3L
3/27/2026 1:17:59 PM,4838,33532001,3/20/2026 12:00:00 AM,26133,Wagon,3000.00,0.00,0.00,0,3340.00,0.00,TAN,UNASSIGNED,1,2B4GP74L52R574199,INSTOCK,AUTO,0.00, ,340.00,0.00,0.00,False,0,False,98141,3340.00,2002,Dodge,Grand Caravan,EX,24,,0,,0,0,,1/1/2001 12:00:00 AM,False,,,0.0000,,,,,0,,0,0,,2002 Dodge Grand Caravan  Wagon  3.8L V6 MPI 3.8L
3/27/2026 1:17:59 PM,2827,33532001,2/27/2024 12:00:00 AM,24091,Wagon,5500.00,0.00,0.00,0,5500.00,0.00,RED,UNASSIGNED,1,2C4RDGBG6DR662093,INSTOCK,AUTO,0.00, ,0.00,0.00,0.00,False,0,False,152923,5500.00,2013,Dodge,Grand Caravan,SE,13,,0,,0,0,,1/1/2001 12:00:00 AM,False,,,0.0000,,,,,0,,0,0,,2013 Dodge Grand Caravan  Wagon  3.6L V6 MPI DOHC VVT Flex
3/27/2026 1:17:59 PM,2617,33532001,12/12/2023 12:00:00 AM,23573,UT,4500.00,0.00,0.00,0,4500.00,0.00,BLACK,UNASSIGNED,1,3C4PDCAB9DT687492,INSTOCK,AUTO,0.00, ,0.00,0.00,0.00,False,0,False,139008,4500.00,2013,Dodge,Journey,SE,13,,0,,0,0,,1/1/2001 12:00:00 AM,False,,,0.0000,,,,,0,,0,0,,2013 Dodge Journey  4D SUV FWD  2.4L I-4 SFI DOHC 2.4L
3/27/2026 1:17:59 PM,961,33532001,12/19/2020 12:00:00 AM,20-273,,9300.00,0.00,0.00,0,9300.00,0.00,BURGUNDY,UNASSIGNED,1,3B7KF2366YG123652,INSTOCK,AUTO,0.00, ,0.00,0.00,0.00,False,0,False,200038,9300.00,2000,Dodge,Ram 2500,Laramie SLT,26,,0,,0,0,,1/1/2001 12:00:00 AM,False,,,0.0000,,,,,0,,0,0,,2000 Dodge Ram 2500  Quad Cab 4WD  5.9L I-6 MPI DSL T/C 5.9L
3/27/2026 1:17:59 PM,3024,33532001,4/26/2024 12:00:00 AM,24222,,2500.00,0.00,0.00,0,2630.00,0.00,WHITE,UNASSIGNED,1,1B7MF3367XJ645587,INSTOCK,AUTO,0.00, ,130.00,0.00,0.00,False,0,False,359453,2630.00,1999,Dodge,Ram 3500,Laramie SLT,27,,0,,0,0,,1/1/2001 12:00:00 AM,False,,,0.0000,,,,,0,,0,0,,1999 Dodge Ram 3500  Quad Cab 4WD  5.9L I-6 MPI DSL T/C 5.9L
3/27/2026 1:17:59 PM,2213,33532001,6/23/2023 12:00:00 AM,23-257,Cargo Van,0.00,0.00,0.00,0,0.00,0.00,WHITE,TRADE IN 2760,3,1FTNE24W14HB04229,INSTOCK,,0.00, ,0.00,0.00,0.00,False,0,False,145263,0.00,2004,Ford,E250 Vans,Econoline,22,,0,,0,0,,1/1/2001 12:00:00 AM,False,,,0.0000,,,,,0,,0,0,,2004 Ford E250 Vans  Cargo Van  4.6L V8 EFI SOHC 4.6L
3/27/2026 1:17:59 PM,4834,33532001,3/20/2026 12:00:00 AM,26129,Ext Cargo Van,2400.00,0.00,0.00,0,2680.00,0.00,TAN,UNASSIGNED,1,1FTNS2EW2ADA30930,INSTOCK,AUTO,0.00, ,280.00,0.00,0.00,False,0,False,135242,2680.00,2010,Ford,E250 Vans,Econoline,16,,0,,0,0,,1/1/2001 12:00:00 AM,False,,,0.0000,,,,,0,,0,0,,2010 Ford E250 Vans  Ext Cargo Van  4.6L V8 EFI SOHC 4.6L
3/27/2026 1:17:59 PM,4628,33532001,1/9/2026 12:00:00 AM,25655,UT,2200.00,0.00,0.00,0,2200.00,0.00,TAN,REPO 3892,2,2FMDK36C87BA91487,REPO,AUTO,0.00, ,0.00,0.00,0.00,True,0,False,200000,2200.00,2007,Ford,Edge,SE,19,,0,,0,0,,1/1/2001 12:00:00 AM,False,,,0.0000,,,,,0,,0,0,,2007 Ford Edge  4D SUV FWD  3.5L V6 SFI DOHC 24V 3.5L
3/27/2026 1:17:59 PM,4034,33532001,5/3/2025 12:00:00 AM,25217,4D SUV FWD,5500.00,0.00,0.00,0,5500.00,0.00,WHITE,Car Factory Deland,1,2FMDK3GC7DBE16124,INSTOCK,AUTO,0.00, ,0.00,0.00,0.00,True,0,False,210979,5500.00,2013,Ford,Edge,SE,13,,0,,0,0,,1/1/2001 12:00:00 AM,False,,,0.0000,,,,,0,,0,0,,2013 Ford Edge  4D SUV FWD  3.5L V6 SMPI DOHC 3.5L
3/27/2026 1:17:59 PM,4792,33532001,3/6/2026 12:00:00 AM,26094,UT,1600.00,0.00,0.00,0,1600.00,0.00,BEIGE,REPO 3821RFI,2,2FMDK3J9XDBC33085,REPO,AUTO,0.00, ,0.00,0.00,0.00,True,0,False,200000,1600.00,2013,Ford,Edge,SEL,13,,0,,0,0,,1/1/2001 12:00:00 AM,False,,,0.0000,,,,,0,,0,0,,2013 Ford Edge  4D SUV FWD  2.0L I-4 DI Ecoboost 2.0L
3/27/2026 1:17:59 PM,4786,33532001,3/3/2026 12:00:00 AM,26092,UT,5500.00,0.00,0.00,0,5500.00,0.00,WHITE,REPO 4323,2,1FMNU43S8YEC18177,REPO,AUTO,0.00, ,0.00,0.00,0.00,True,0,False,200000,5500.00,2000,Ford,Excursion,Limited,26,,0,,0,0,,1/1/2001 12:00:00 AM,False,,,0.0000,,,,,0,,0,0,,2000 Ford Excursion  4D SUV 4WD  6.8L V10 EFI SOHC 6.8L
3/27/2026 1:17:59 PM,3397,33532001,8/30/2024 12:00:00 AM,24490,UT,5500.00,0.00,0.00,0,5500.00,0.00,WHITE,UNASSIGNED,1,1FMPU19536LA66486,INSTOCK,AUTO,0.00, ,0.00,0.00,0.00,False,0,False,126502,5500.00,2006,Ford,Expedition,Limited,20,,0,,0,0,,1/1/2001 12:00:00 AM,False,,,0.0000,,,,,0,,0,0,,2006 Ford Expedition  4D SUV RWD  5.4L V8 EFI SOHC 3V 5.4L
3/27/2026 1:17:59 PM,1432,33532001,1/19/2022 12:00:00 AM,21-345,4D SUV RWD,0.00,0.00,0.00,0,0.00,0.00,BLACK,TRADE IN 2073,3,1FMFU17567LA12602,INSTOCK,,0.00, ,0.00,0.00,0.00,False,0,False,170572,0.00,2007,Ford,Expedition,Eddie Bauer,19,,0,,0,0,,1/1/2001 12:00:00 AM,False,,,0.0000,,,,,0,,0,0,,2007 Ford Expedition  4D SUV RWD  5.4L V8 EFI SOHC 3V 5.4L
3/27/2026 1:17:59 PM,4822,33532001,3/3/2026 12:00:00 AM,26113,UT,0.00,0.00,0.00,0,0.00,0.00,BLACK,TRADE IN 4420,3,1FMJU1MT1FEF23229,INSTOCK,,0.00, ,0.00,0.00,0.00,False,0,False,0,0.00,2015,Ford,Expedition,Platinum,11,,0,,0,0,,1/1/2001 12:00:00 AM,False,,,0.0000,,,,,0,,0,0,,2015 Ford Expedition  4D SUV 4WD  3.5L V6 DI T/C Ecoboost 3
3/27/2026 1:17:59 PM,4742,33532001,2/19/2026 12:00:00 AM,26059,UT,8700.00,0.00,0.00,0,8700.00,0.00,BLACK,UNASSIGNED,1,1FMJU1MT1FEF23229,INSTOCK,AUTO,0.00, ,0.00,0.00,0.00,False,0,False,163868,8700.00,2015,Ford,Expedition,Platinum,11,,0,,0,0,,1/1/2001 12:00:00 AM,False,,,0.0000,,,,,0,,0,0,,2015 Ford Expedition  4D SUV 4WD  3.5L V6 DI T/C Ecoboost 3
3/27/2026 1:17:59 PM,4671,33532001,1/14/2026 12:00:00 AM,25667,4D SUV 4WD,0.00,0.00,0.00,0,0.00,0.00,GRAY,TRADE IN 4391,3,1FM5K8D89GGB42049,INSTOCK,,0.00, ,0.00,0.00,0.00,False,0,False,228541,0.00,2016,Ford,Explorer,XLT,10,,0,,0,0,,1/1/2001 12:00:00 AM,False,,,0.0000,,,,,0,,0,0,,2016 Ford Explorer  4D SUV 4WD  3.5L V6 SMPI Ti-VCT 3.5L
3/27/2026 1:17:59 PM,4118,33532001,6/12/2025 12:00:00 AM,25279,Supercab 4WD,0.00,0.00,0.00,0,0.00,0.00,WHITE,TRADE IN 4067,1,2FTRX08W71CA71055,INSTOCK,,0.00, ,0.00,0.00,0.00,False,0,False,261245,0.00,2001,Ford,F150,Lariat,25,,0,,0,0,,1/1/2001 12:00:00 AM,False,,,0.0000,,,,,0,,0,0,,2001 Ford F150  Supercab 4WD  4.6L V8 EFI SOHC 4.6L
3/27/2026 1:17:59 PM,4787,33532001,3/4/2026 12:00:00 AM,26093,Supercrew 4WD,0.00,0.00,0.00,0,0.00,0.00,RED,Car Factory Deland,3,1FTFW1ET7BFC72918,INSTOCK,AUTOMATIC,0.00, ,0.00,0.00,0.00,True,5600,False,249778,0.00,2011,Ford,F150,FX4,15,,0,,0,0,,1/1/2001 12:00:00 AM,False,,,0.0000,,,,4WD,0,,0,0,,2011 Ford F150  Supercrew 4WD  3.5L V6 DI T/C Ecoboost 3
3/27/2026 1:17:59 PM,2733,33532001,1/23/2024 12:00:00 AM,24020,,6446.00,0.00,0.00,0,6446.00,0.00,WHITE,REPO 2969,2,1FTNX21F9XEE27254,REPO,AUTO,0.00, ,0.00,0.00,0.00,True,0,False,190251,6446.00,1999,Ford,F250 S/D,XL,27,,0,,0,0,,1/1/2001 12:00:00 AM,False,,,0.0000,,,,,0,,0,0,,1999 Ford F250 S/D  Supercab 4WD  7.3L V8 DI DSL T/C 7.3L
3/27/2026 1:17:59 PM,2776,33532001,2/9/2024 12:00:00 AM,24051,,5281.00,0.00,0.00,0,5281.00,0.00,WHITE,REPO 2803,2,1FTSW21P46ED14261,REPO,AUTO,0.00, ,0.00,0.00,0.00,True,0,False,200000,5281.00,2006,Ford,F250 S/D,Lariat,20,,0,,0,0,,1/1/2001 12:00:00 AM,False,,,0.0000,,,,,0,,0,0,,2006 Ford F250 S/D  Crew Cab 4WD  6.0L V8 FI TDsl 6.0L
3/27/2026 1:17:59 PM,3616,33532001,11/22/2024 12:00:00 AM,24641,,2000.00,0.00,0.00,0,2230.00,0.00,BLACK,UNASSIGNED,1,1FTNX21P03EB85831,INSTOCK,AUTO,0.00, ,230.00,0.00,0.00,False,0,False,186636,2230.00,2003,Ford,F250SD,Lariat,23,,0,,0,0,,1/1/2001 12:00:00 AM,False,,,0.0000,,,,,0,,0,0,,2003 Ford F250SD  Supercab 4WD  6.0L V8 FI TDsl 6.0L
3/27/2026 1:17:59 PM,2085,33532001,4/15/2023 12:00:00 AM,23-144,,0.00,0.00,0.00,0,0.00,0.00,WHITE,TRADE IN 2661,3,1FTNW21P04EB63316,INSTOCK,,0.00, ,0.00,0.00,0.00,False,0,False,225147,0.00,2004,Ford,F250SD,Harley Davidson,22,,0,,0,0,,1/1/2001 12:00:00 AM,False,,,0.0000,,,,,0,,0,0,,2004 Ford F250SD  Crew Cab 4WD  6.0L V8 FI TDsl 6.0L
3/27/2026 1:17:59 PM,3809,33532001,2/10/2025 12:00:00 AM,25050,Crew Cab 4WD Diesel,0.00,0.00,0.00,0,0.00,0.00,WHITE,REPO 3667,2,1FTSW21P56EC65927,REPO,,0.00, ,0.00,0.00,0.00,True,0,False,442132,0.00,2006,Ford,F250SD,Amarillo,20,,0,,0,0,,1/1/2001 12:00:00 AM,False,,,0.0000,,,,,0,,0,0,,2006 Ford F250SD  Crew Cab 4WD Diesel  6.0L V8 FI TDsl 6.0L
3/27/2026 1:17:59 PM,2141,33532001,6/2/2023 12:00:00 AM,23-207,,2800.00,0.00,0.00,0,3045.00,0.00,WHITE,UNASSIGNED,1,1FDKF37H4VEB08258,INSTOCK,AUTO,0.00, ,245.00,0.00,0.00,False,0,False,244321,3045.00,1997,Ford,F350,XL,29,,0,,0,0,,1/1/2001 12:00:00 AM,False,,,0.0000,,,,,0,,0,0,,1997 Ford F350  Reg Cab DRW  5.8L V8 EFI 5.8L
3/27/2026 1:17:59 PM,2626,33532001,12/15/2023 12:00:00 AM,23579,,3600.00,0.00,0.00,0,4075.00,0.00,WHITE,UNASSIGNED,1,1FDWW36P76EB20657,INSTOCK,AUTO,0.00, ,475.00,0.00,0.00,False,0,False,380556,4075.00,2006,Ford,F350SD,XL,20,,0,,0,0,,1/1/2001 12:00:00 AM,False,,,0.0000,,,,,0,,0,0,,2006 Ford F350SD  Crew Cab DRW  6.0L V8 FI TDsl 6.0L
3/27/2026 1:17:59 PM,4480,33532001,10/31/2025 12:00:00 AM,25541,4D Hatchback,1900.00,0.00,0.00,0,2225.00,0.00,WHITE,UNASSIGNED,1,3FADP4GX0FM148295,INSTOCK,MANUAL,0.00, ,325.00,0.00,0.00,False,0,False,218256,2225.00,2015,Ford,Fiesta,ST,11,,0,,0,0,,1/1/2001 12:00:00 AM,False,,,0.0000,,,,,0,,0,0,,2015 Ford Fiesta  4D Hatchback  1.6L I-4 DI DOHC TC Ecobt
3/27/2026 1:17:59 PM,3889,33532001,3/12/2025 12:00:00 AM,25105,UT,1560.00,0.00,0.00,0,1560.00,0.00,WHITE,REPO 3730,2,2FMHK6CC2BBD34520,REPO,AUTO,0.00, ,0.00,0.00,0.00,True,0,False,250465,1560.00,2011,Ford,Flex,SEL,15,,0,,0,0,,1/1/2001 12:00:00 AM,False,,,0.0000,,,,,0,,0,0,,2011 Ford Flex  4D SUV AWD  3.5L V6 SFI DOHC 24V 3.5L
3/27/2026 1:17:59 PM,2122,33532001,5/22/2023 12:00:00 AM,23-189,4D Sedan,3000.00,0.00,0.00,0,3000.00,0.00,ALUMINUM,UNASSIGNED,1,1FAHP37N29W111862,INSTOCK,MANUAL,0.00, ,0.00,0.00,0.00,False,0,False,229189,3000.00,2009,Ford,Focus,SEL,17,,0,,0,0,,1/1/2001 12:00:00 AM,False,,,0.0000,,,,,0,,0,0,,2009 Ford Focus  4D Sedan  2.0L I-4 SFI DOHC 2.0L
3/27/2026 1:17:59 PM,4232,33532001,7/11/2025 12:00:00 AM,25364,4D Hatchback,2588.00,0.00,0.00,0,2588.00,0.00,WHITE,REPO 4012,2,1FADP3L93DL317726,REPO,MANUAL,0.00, ,0.00,0.00,0.00,True,0,False,134867,2588.00,2013,Ford,Focus,ST,13,,0,,0,0,,1/1/2001 12:00:00 AM,False,,,0.0000,,,,,0,,0,0,,2013 Ford Focus  4D Hatchback  2.0L I-4 DI T/C Ecoboost 
3/27/2026 1:17:59 PM,3387,33532001,8/10/2024 12:00:00 AM,24449,UT,0.00,0.00,0.00,0,0.00,0.00,RED,TRADE IN 3540,3,1FMZK02156GA51335,INSTOCK,AUTO,0.00, ,0.00,0.00,0.00,False,0,False,174112,0.00,2006,Ford,Freestyle,SEL,20,,0,,0,0,,1/1/2001 12:00:00 AM,False,,,0.0000,,,,,0,,0,0,,2006 Ford Freestyle  4D SUV FWD  3.0L V6 EFI 4V 3.0L
3/27/2026 1:17:59 PM,2921,33532001,1/3/2024 12:00:00 AM,23615,2D Coupe,0.00,0.00,0.00,0,0.00,0.00,RED,TRADE IN 3103,3,1FALP4048VF160155,INSTOCK,,0.00, ,0.00,0.00,0.00,False,0,False,141241,0.00,1997,Ford,Mustang,Base,29,,0,,0,0,,1/1/2001 12:00:00 AM,False,,,0.0000,,,,,0,,0,0,,1997 Ford Mustang  2D Coupe  3.8L V6 EFI 3.8L
3/27/2026 1:17:59 PM,1875,33532001,12/8/2022 12:00:00 AM,22-383,2D Convertible,1500.00,0.00,0.00,0,1770.00,0.00,WHITE,UNASSIGNED,1,1FAFP45X53F448647,INSTOCK,AUTOMATIC,0.00, ,270.00,0.00,0.00,False,0,False,101039,1770.00,2003,Ford,Mustang,GT,23,,0,,0,0,,1/1/2001 12:00:00 AM,False,,,0.0000,,,,,0,,0,0,,2003 Ford Mustang  2D Convertible  4.6L V8 EFI SOHC 4.6L
3/27/2026 1:17:59 PM,2017,33532001,3/16/2023 12:00:00 AM,23-104,2D Coupe,4000.00,0.00,0.00,0,4485.00,0.00,ALUMINUM,UNASSIGNED,1,1ZVFT82H255156602,INSTOCK,MANUAL,0.00, ,485.00,0.00,0.00,False,0,False,171712,4485.00,2005,Ford,Mustang,GT,21,,0,,0,0,,1/1/2001 12:00:00 AM,False,,,0.0000,,,,,0,,0,0,,2005 Ford Mustang  2D Coupe  4.6L V8 EFI SOHC 4.6L
3/27/2026 1:17:59 PM,2304,33532001,8/4/2023 12:00:00 AM,23-350,2D Convertible,5600.00,0.00,0.00,0,5600.00,0.00,RED,REPO 2780,2,1ZVHT85H865146095,REPO,AUTOMATIC,0.00, ,0.00,0.00,0.00,True,0,False,197546,5600.00,2006,Ford,Mustang,GT,20,,0,,0,0,,1/1/2001 12:00:00 AM,False,,,0.0000,,,,,0,,0,0,,2006 Ford Mustang  2D Convertible  4.6L V8 EFI SOHC 4.6L
3/27/2026 1:17:59 PM,1854,33532001,11/3/2022 12:00:00 AM,22-339,Cargo Van LWB w/RDr,0.00,0.00,0.00,0,0.00,0.00,,TRADE IN 2434,3,NM0LS7F74E1165696,INSTOCK,,0.00, ,0.00,0.00,0.00,False,0,False,0,0.00,2014,Ford,Transit Connect,XLT,12,,0,,0,0,,1/1/2001 12:00:00 AM,False,,,0.0000,,,,,0,,0,0,,2014 Ford Transit Connect  Cargo Van LWB w/RDr  2.5L I-4 SMPI DOHC 2.5L
3/27/2026 1:17:59 PM,4853,33532001,3/27/2026 12:00:00 AM,26143,4D Sedan,1715.00,0.00,0.00,0,1715.00,0.00,RED,Car Factory Deland,1,1Y1SK5288SZ069371,INSTOCK,AUTO,0.00, ,0.00,0.00,0.00,False,0,False,249378,1715.00,1995,Geo,Prizm,LSi,31,,0,,0,0,,1/1/2001 12:00:00 AM,False,,,0.0000,,,,,0,,0,0,,1995 Geo Prizm  4D Sedan  1.8L I-4 MPI 1.8L
3/27/2026 1:17:59 PM,4579,33532001,12/19/2025 12:00:00 AM,25614,,2400.00,0.00,0.00,0,2400.00,0.00,WHITE,REPO 3773,2,1GTHC23G61F167508,REPO,AUTO,0.00, ,0.00,0.00,0.00,True,0,False,253123,2400.00,2001,GMC,Sierra 2500,SL,25,,0,,0,0,,1/1/2001 12:00:00 AM,False,,,0.0000,,,,,0,,0,0,,2001 GMC Sierra 2500  Crew Cab  8.1L V8 MPI 8.1L
3/27/2026 1:17:59 PM,2055,33532001,4/13/2023 12:00:00 AM,23-140,,6200.00,0.00,0.00,0,6720.00,0.00,BLACK,UNASSIGNED,1,1GTHK23U42F249599,INSTOCK,AUTO,0.00, ,520.00,0.00,0.00,False,0,False,135498,6720.00,2002,GMC,Sierra 2500,SL,24,,0,,0,0,,1/1/2001 12:00:00 AM,False,,,0.0000,,,,,0,,0,0,,2002 GMC Sierra 2500  Crew Cab 4WD  6.0L V8 MPI 6.0L
3/27/2026 1:17:59 PM,1925,33532001,1/13/2023 12:00:00 AM,23-016,,8000.00,0.00,0.00,0,8355.00,0.00,BLACK,UNASSIGNED,1,1GTHK23658F185566,INSTOCK,AUTO,0.00, ,355.00,0.00,0.00,False,0,False,192936,8355.00,2008,GMC,Sierra 2500,SLE,18,,0,,0,0,,1/1/2001 12:00:00 AM,False,,,0.0000,,,,,0,,0,0,,2008 GMC Sierra 2500  Crew Cab 4WD  6.6L V8 DI DSL T/C 6.6L
3/27/2026 1:17:59 PM,4401,33532001,9/24/2025 12:00:00 AM,25488,UT,2000.00,0.00,0.00,0,2375.00,0.00,WHITE,UNASSIGNED,1,1GKEK63U02J286547,INSTOCK,AUTO,0.00, ,375.00,0.00,0.00,False,0,False,250307,2375.00,2002,GMC,Yukon,Denali,24,,0,,0,0,,1/1/2001 12:00:00 AM,False,,,0.0000,,,,,0,,0,0,,2002 GMC Yukon  4D SUV AWD  6.0L V8 SFI OHV 6.0L
3/27/2026 1:17:59 PM,1680,33532001,8/1/2022 12:00:00 AM,22-233,UT,2500.00,0.00,0.00,0,2500.00,0.00,BLACK,REPO 2196,2,3GKEC16ZX5G263886,REPO,AUTO,0.00, ,0.00,0.00,0.00,True,0,False,223564,2500.00,2005,GMC,Yukon XL,1500 SLE,21,,0,,0,0,,1/1/2001 12:00:00 AM,False,,,0.0000,,,,,0,,0,0,,2005 GMC Yukon XL  4D SUV RWD  5.3L V8 SFI Flex 5.3L
3/27/2026 1:17:59 PM,2734,33532001,1/23/2024 12:00:00 AM,24021,4D Sedan,3950.00,0.00,0.00,0,3950.00,0.00,BLUE,REPO 2911,2,1HGCD5639RA091617,REPO,AUTO,0.00, ,0.00,0.00,0.00,True,0,False,168546,3950.00,1994,Honda,Accord,LX,32,,0,,0,0,,1/1/2001 12:00:00 AM,False,,,0.0000,,,,,0,,0,0,,1994 Honda Accord  4D Sedan  2.2L I-4 MPI 2.2L
3/27/2026 1:17:59 PM,4844,33532001,3/24/2026 12:00:00 AM,26136,4D Sedan,2100.00,0.00,0.00,0,2575.00,0.00,GRAY,UNASSIGNED,1,1HGCP26408A147702,INSTOCK,AUTO,0.00, ,475.00,0.00,0.00,False,0,False,205357,2575.00,2008,Honda,Accord,LX-P,18,,0,,0,0,,1/1/2001 12:00:00 AM,False,,,0.0000,,,,,0,,0,0,,2008 Honda Accord  4D Sedan  2.4L I-4 MPI DOHC 2.4L
3/27/2026 1:17:59 PM,4124,33532001,6/15/2025 12:00:00 AM,25285,2D Coupe,1.00,0.00,0.00,0,1.00,0.00,PURPLE,REPO 3703,2,1HGCS1A78AA003718,REPO,MANUAL,0.00, ,0.00,0.00,0.00,True,0,False,145234,1.00,2010,Honda,Accord,EX,16,,0,,0,0,,1/1/2001 12:00:00 AM,False,,,0.0000,,,,,0,,0,0,,2010 Honda Accord  2D Coupe  2.4L I-4 MPI DOHC 2.4L
3/27/2026 1:17:59 PM,4773,33532001,2/27/2026 12:00:00 AM,26082,4D Sedan,5000.00,0.00,0.00,0,5000.00,0.00,BLUE,REPO 4311,2,1HGCR2F55EA144910,REPO,AUTO,0.00, ,0.00,0.00,0.00,True,0,False,205123,5000.00,2014,Honda,Accord,Sport,12,,0,,0,0,,1/1/2001 12:00:00 AM,False,,,0.0000,,,,,0,,0,0,,2014 Honda Accord  4D Sedan  2.4L I-4 DI DOHC 2.4L
3/27/2026 1:17:59 PM,4745,33532001,2/20/2026 12:00:00 AM,26062,4D Sedan,2000.00,0.00,0.00,0,2210.00,0.00,ALUMINUM,UNASSIGNED,1,2HGEJ6676YH591230,INSTOCK,AUTO,0.00, ,210.00,0.00,0.00,False,0,False,73810,2210.00,2000,Honda,Civic,LX,26,,0,,0,0,,1/1/2001 12:00:00 AM,False,,,0.0000,,,,,0,,0,0,,2000 Honda Civic  4D Sedan  1.6L I-4 EFI SOHC 1.6L
3/27/2026 1:17:59 PM,4551,33532001,12/9/2025 12:00:00 AM,25593,4D Sedan,1500.00,0.00,0.00,0,1500.00,0.00,YELLOW,REPO 4089,2,1HGEJ6677YL050836,REPO,AUTO,0.00, ,0.00,0.00,0.00,True,0,False,200000,1500.00,2000,Honda,Civic,LX,26,,0,,0,0,,1/1/2001 12:00:00 AM,False,,,0.0000,,,,,0,,0,0,,2000 Honda Civic  4D Sedan  1.6L I-4 EFI SOHC 1.6L
3/27/2026 1:17:59 PM,4534,33532001,12/3/2025 12:00:00 AM,25583,2D Coupe,1500.00,0.00,0.00,0,1500.00,0.00,RED,REPO 3415,2,1HGEM21954L040969,REPO,,0.00, ,0.00,0.00,0.00,True,0,False,200000,1500.00,2004,Honda,Civic,EX,22,,0,,0,0,,1/1/2001 12:00:00 AM,False,,,0.0000,,,,,0,,0,0,,2004 Honda Civic  2D Coupe  1.7L I-4 MPI SOHC 1.7L
3/27/2026 1:17:59 PM,4780,33532001,2/20/2026 12:00:00 AM,26086,4D Sedan,4400.00,0.00,0.00,0,4400.00,0.00,GREEN,REPO 4232,2,2HGFA55577H704955,REPO,AUTO,0.00, ,0.00,0.00,0.00,True,0,False,189446,4400.00,2007,Honda,Civic,Si,19,,0,,0,0,,1/1/2001 12:00:00 AM,False,,,0.0000,,,,,0,,0,0,,2007 Honda Civic  4D Sedan  2.0L I-4 MPI DOHC 2.0L
3/27/2026 1:17:59 PM,4666,33532001,12/29/2025 12:00:00 AM,25627,4D Sedan,0.00,0.00,0.00,0,0.00,0.00,RED,TRADE IN 4368,3,1HGFA16597L087276,INSTOCK,,0.00, ,0.00,0.00,0.00,False,0,False,315080,0.00,2007,Honda,Civic,LX,19,,0,,0,0,,1/1/2001 12:00:00 AM,False,,,0.0000,,,,,0,,0,0,,2007 Honda Civic  4D Sedan  1.8L I-4 MPI SOHC 1.8L
3/27/2026 1:17:59 PM,4785,33532001,3/3/2026 12:00:00 AM,26091,4D Sedan,3500.00,0.00,0.00,0,4005.00,0.00,BLUE,UNASSIGNED,1,2HGFA55567H708480,INSTOCK,AUTO,0.00, ,505.00,0.00,0.00,False,0,False,172953,4005.00,2007,Honda,Civic,Si,19,,0,,0,0,,1/1/2001 12:00:00 AM,False,,,0.0000,,,,,0,,0,0,,2007 Honda Civic  4D Sedan  2.0L I-4 MPI DOHC 2.0L
3/27/2026 1:17:59 PM,4756,33532001,2/25/2026 12:00:00 AM,26073,2D Coupe,3200.00,0.00,0.00,0,3600.00,0.00,ORANGE,UNASSIGNED,1,2HGFG4A56CH700517,INSTOCK,MANUAL,0.00, ,400.00,0.00,0.00,False,0,False,153401,3600.00,2012,Honda,Civic,Si,14,,0,,0,0,,1/1/2001 12:00:00 AM,False,,,0.0000,,,,,0,,0,0,,2012 Honda Civic  2D Coupe  2.4L I-4 MPI DOHC i-VTEC 
3/27/2026 1:17:59 PM,4754,33532001,2/23/2026 12:00:00 AM,26069,2D Coupe,2500.00,0.00,0.00,0,2500.00,0.00,WHITE,REPO 4016,2,2HGFG3B04CH502886,REPO,AUTO,0.00, ,0.00,0.00,0.00,True,0,False,158123,2500.00,2012,Honda,Civic,EX-L,14,,0,,0,0,,1/1/2001 12:00:00 AM,False,,,0.0000,,,,,0,,0,0,,2012 Honda Civic  2D Coupe  1.8L I-4 MPI SOHC 1.8L
3/27/2026 1:17:59 PM,4173,33532001,7/6/2025 12:00:00 AM,25326,2D Coupe,1.00,0.00,0.00,0,1.00,0.00,ORANGE,REPO 3657,2,2HGFG4A54CH704758,REPO,MANUAL,0.00, ,0.00,0.00,0.00,True,0,False,187415,1.00,2012,Honda,Civic,Si,14,,0,,0,0,,1/1/2001 12:00:00 AM,False,,,0.0000,,,,,0,,0,0,,2012 Honda Civic  2D Coupe  2.4L I-4 MPI DOHC i-VTEC 
3/27/2026 1:17:59 PM,4842,33532001,3/10/2026 12:00:00 AM,26112,UT,0.00,0.00,0.00,0,0.00,0.00,BLACK,TRADE IN 4509,3,JHLRD2848WC012583,INSTOCK,,0.00, ,0.00,0.00,0.00,False,0,False,241526,0.00,1998,Honda,CR-V,LX,28,,0,,0,0,,1/1/2001 12:00:00 AM,False,,,0.0000,,,,,0,,0,0,,1998 Honda CR-V  4D SUV FWD at  2.0L I-4 MPI 2.0L
3/27/2026 1:17:59 PM,3834,33532001,2/21/2025 12:00:00 AM,25068,UT,1700.00,0.00,0.00,0,2030.00,0.00,BLACK,UNASSIGNED,1,JHLRD78884C040641,INSTOCK,AUTO,0.00, ,330.00,0.00,0.00,False,0,False,185998,2030.00,2004,Honda,CR-V,EX,22,,0,,0,0,,1/1/2001 12:00:00 AM,False,,,0.0000,,,,,0,,0,0,,2004 Honda CR-V  4D SUV 4WD  2.4L I-4 MPI DOHC 2.4L
3/27/2026 1:17:59 PM,4391,33532001,9/20/2025 12:00:00 AM,25481,UT,3500.00,0.00,0.00,0,3875.00,0.00,GREEN,UNASSIGNED,1,JHLRM3H71CC000884,INSTOCK,AUTO,0.00, ,375.00,0.00,0.00,False,0,False,260329,3875.00,2012,Honda,CR-V,EX-L,14,,0,,0,0,,1/1/2001 12:00:00 AM,False,,,0.0000,,,,,0,,0,0,,2012 Honda CR-V  4D SUV FWD  2.4L I-4 MPI DOHC 2.4L
3/27/2026 1:17:59 PM,4820,33532001,3/14/2026 12:00:00 AM,26120,4D Hatchback,2100.00,0.00,0.00,0,2490.00,0.00,BLACK,UNASSIGNED,1,JHMGE8H45AS018875,INSTOCK,AUTO,0.00, ,390.00,0.00,0.00,False,0,False,213002,2490.00,2010,Honda,Fit,Sport,16,,0,,0,0,,1/1/2001 12:00:00 AM,False,,,0.0000,,,,,0,,0,0,,2010 Honda Fit  4D Hatchback  1.5L I-4 MPI SOHC VTEC 1.
3/27/2026 1:17:59 PM,4619,33532001,1/8/2026 12:00:00 AM,25646,UT,4300.00,0.00,0.00,0,4640.00,0.00,BLACK,UNASSIGNED,1,3CZRU6H56GM740393,INSTOCK,AUTO,0.00, ,340.00,0.00,0.00,False,0,False,175629,4640.00,2016,Honda,HR-V,EX,10,,0,,0,0,,1/1/2001 12:00:00 AM,False,,,0.0000,,,,,0,,0,0,,2016 Honda HR-V  4D SUV AWD  1.8L I-4 MPI SOHC 1.8L
3/27/2026 1:17:59 PM,2692,33532001,1/9/2024 12:00:00 AM,23631,UT,4000.00,0.00,0.00,0,4000.00,0.00,RED,UNASSIGNED,1,5FNYF18475B009611,INSTOCK,AUTO,0.00, ,0.00,0.00,0.00,False,0,False,236211,4000.00,2005,Honda,Pilot,EX,21,,0,,0,0,,1/1/2001 12:00:00 AM,False,,,0.0000,,,,,0,,0,0,,2005 Honda Pilot  4D SUV 4WD  3.5L V6 MPI SOHC VTEC 3.5
3/27/2026 1:17:59 PM,3747,33532001,1/22/2025 12:00:00 AM,25004,UT,3500.00,0.00,0.00,0,3500.00,0.00,WHITE,UNASSIGNED,1,5FNYF3H54BB026009,INSTOCK,AUTO,0.00, ,0.00,0.00,0.00,False,0,False,242932,3500.00,2011,Honda,Pilot,EX-L,15,,0,,0,0,,1/1/2001 12:00:00 AM,False,,,0.0000,,,,,0,,0,0,,2011 Honda Pilot  4D SUV  3.5L V6 MPI SOHC VTEC 3.5
3/27/2026 1:17:59 PM,4343,33532001,9/5/2025 12:00:00 AM,25443,UT,5800.00,0.00,0.00,0,6205.00,0.00,BLUE,UNASSIGNED,1,5FNYF5H9XGB008202,INSTOCK,AUTO,0.00, ,405.00,0.00,0.00,False,0,False,202629,6205.00,2016,Honda,Pilot,Touring,10,,0,,0,0,,1/1/2001 12:00:00 AM,False,,,0.0000,,,,,0,,0,0,,2016 Honda Pilot  4D SUV FWD  3.5L V6 DI SOHC i-VTEC 3.
3/27/2026 1:17:59 PM,54,33532001,4/17/2014 12:00:00 AM,14-04,,800.00,3145.92,0.00,0,4045.92,0.00,BLACK,,1,JHMBB225XNC800669,INSTOCK,,0.00, ,100.00,0.00,0.00,False,0,False,208629,4045.92,1992,Honda,Prelude,Si,34,,0,,0,0,,1/1/2001 12:00:00 AM,False,,,0.0000,,,,,2,,0,2,,1992 Honda Prelude    
3/27/2026 1:17:59 PM,4767,33532001,2/26/2026 12:00:00 AM,26076,4D Sedan,2400.00,0.00,0.00,0,2750.00,0.00,WHITE,UNASSIGNED,1,KMHFC46F39A381219,INSTOCK,AUTO,0.00, ,350.00,0.00,0.00,False,0,False,74791,2750.00,2009,Hyundai,Azera,Limited,17,,0,,0,0,,1/1/2001 12:00:00 AM,False,,,0.0000,,,,,0,,0,0,,2009 Hyundai Azera  4D Sedan  3.8L V6 MPI DOHC 3.8L
3/27/2026 1:17:59 PM,1948,33532001,1/14/2023 12:00:00 AM,23-019,4D Sedan,0.00,0.00,0.00,0,0.00,0.00,,TRADE IN 2529,3,KMHDH4AE2BU155166,INSTOCK,,0.00, ,0.00,0.00,0.00,False,0,False,27541,0.00,2011,Hyundai,Elantra,GLS,15,,0,,0,0,,1/1/2001 12:00:00 AM,False,,,0.0000,,,,,0,,0,0,,2011 Hyundai Elantra  4D Sedan  1.8L I-4 MPI DOHC 1.8L
3/27/2026 1:17:59 PM,4815,33532001,3/12/2026 12:00:00 AM,26116,4D Sedan,1300.00,0.00,0.00,0,1300.00,0.00,BLUE,REPO 4131,2,KMHDH4AE6CU276185,REPO,AUTO,0.00, ,0.00,0.00,0.00,True,0,False,220038,1300.00,2012,Hyundai,Elantra,GLS,14,,0,,0,0,,1/1/2001 12:00:00 AM,False,,,0.0000,,,,,0,,0,0,,2012 Hyundai Elantra  4D Sedan  1.8L I-4 MPI DOHC 1.8L
3/27/2026 1:17:59 PM,4829,33532001,3/19/2026 12:00:00 AM,26125,4D Sedan,2100.00,0.00,0.00,0,2475.00,0.00,ALUMINUM,UNASSIGNED,1,KMHDH4AE2CU298491,INSTOCK,AUTO,0.00, ,375.00,0.00,0.00,False,0,False,203406,2475.00,2012,Hyundai,Elantra,GLS,14,,0,,0,0,,1/1/2001 12:00:00 AM,False,,,0.0000,,,,,0,,0,0,,2012 Hyundai Elantra  4D Sedan  1.8L I-4 MPI DOHC 1.8L
3/27/2026 1:17:59 PM,3075,33532001,5/13/2024 12:00:00 AM,24261,4D Sedan,341.00,0.00,0.00,0,341.00,0.00,RED,REPO 3190,2,KMHDH4AE7DU524302,REPO,AUTO,0.00, ,0.00,0.00,0.00,True,0,False,263213,341.00,2013,Hyundai,Elantra,GLS,13,,0,,0,0,,1/1/2001 12:00:00 AM,False,,,0.0000,,,,,0,,0,0,,2013 Hyundai Elantra  4D Sedan  1.8L I-4 MPI DOHC 1.8L
3/27/2026 1:17:59 PM,4819,33532001,3/14/2026 12:00:00 AM,26119,4D Sedan,2000.00,0.00,0.00,0,2440.00,0.00,BLACK,UNASSIGNED,1,KMHDH4AEXEU062285,INSTOCK,AUTO,0.00, ,440.00,0.00,0.00,False,0,False,125193,2440.00,2014,Hyundai,Elantra,SE,12,,0,,0,0,,1/1/2001 12:00:00 AM,False,,,0.0000,,,,,0,,0,0,,2014 Hyundai Elantra  4D Sedan  1.8L I-4 MPI DOHC 1.8L
3/27/2026 1:17:59 PM,2332,33532001,8/24/2023 12:00:00 AM,23-376,4D Sedan,3400.00,0.00,0.00,0,3820.00,0.00,BLACK,UNASSIGNED,1,5NPDH4AE0FH559488,INSTOCK,AUTO,0.00, ,420.00,0.00,0.00,False,0,False,169549,3820.00,2015,Hyundai,Elantra,SE,11,,0,,0,0,,1/1/2001 12:00:00 AM,False,,,0.0000,,,,,0,,0,0,,2015 Hyundai Elantra  4D Sedan  1.8L I-4 MPI DOHC 1.8L
3/27/2026 1:17:59 PM,3647,33532001,11/25/2024 12:00:00 AM,24660,4D Sedan V8,4356.00,0.00,0.00,0,4356.00,0.00,BLACK,REPO 3280,2,KMHGC46F19U047256,REPO,AUTO,0.00, ,0.00,0.00,0.00,True,0,False,102346,4356.00,2009,Hyundai,Genesis,,17,,0,,0,0,,1/1/2001 12:00:00 AM,False,,,0.0000,,,,,0,,0,0,,2009 Hyundai Genesis  4D Sedan V8  4.6L V8 MPI DOHC 4.6L
3/27/2026 1:17:59 PM,4749,33532001,2/15/2026 12:00:00 AM,26053,4D Sedan V8,0.00,0.00,0.00,0,0.00,0.00,GRAY,TRADE IN 4447,3,KMHGC4DF5AU072779,INSTOCK,,0.00, ,0.00,0.00,0.00,False,0,False,0,0.00,2010,Hyundai,Genesis,,16,,0,,0,0,,1/1/2001 12:00:00 AM,False,,,0.0000,,,,,0,,0,0,,2010 Hyundai Genesis  4D Sedan V8  4.6L V8 MPI DOHC 4.6L
3/27/2026 1:17:59 PM,3139,33532001,5/2/2024 12:00:00 AM,24235,4D Sedan,0.00,0.00,0.00,0,0.00,0.00,BLUE,TRADE IN 3340,3,KMHGC4DDXCU199559,INSTOCK,,0.00, ,0.00,0.00,0.00,False,0,False,171241,0.00,2012,Hyundai,Genesis,3.8L V6,14,,0,,0,0,,1/1/2001 12:00:00 AM,False,,,0.0000,,,,,0,,0,0,,2012 Hyundai Genesis  4D Sedan  3.8L V6 DI DOHC CVVT 3.8L
3/27/2026 1:17:59 PM,2065,33532001,4/19/2023 12:00:00 AM,23-150,4D Sedan,4000.00,0.00,0.00,0,4485.00,0.00,WHITE,UNASSIGNED,1,KMHGC4DD8CU171176,INSTOCK,AUTO,0.00, ,485.00,0.00,0.00,False,0,False,80969,4485.00,2012,Hyundai,Genesis,3.8L V6,14,,0,,0,0,,1/1/2001 12:00:00 AM,False,,,0.0000,,,,,0,,0,0,,2012 Hyundai Genesis  4D Sedan  3.8L V6 DI DOHC CVVT 3.8L
3/27/2026 1:17:59 PM,4655,33532001,1/19/2026 12:00:00 AM,26005,4D Sedan,1000.00,0.00,0.00,0,1000.00,0.00,BLACK,REPO 3914RFI,2,KMHGN4JE0FU031263,REPO,AUTO,0.00, ,0.00,0.00,0.00,True,0,False,151213,1000.00,2015,Hyundai,Genesis,3.8L V6,11,,0,,0,0,,1/1/2001 12:00:00 AM,False,,,0.0000,,,,,0,,0,0,,2015 Hyundai Genesis  4D Sedan  3.8L V6 DI DOHC CVVT 3.8L
3/27/2026 1:17:59 PM,4823,33532001,3/17/2026 12:00:00 AM,26122,4D Sedan,6000.00,0.00,0.00,0,6000.00,0.00,WHITE,REPO 4408,2,KMHGN4JE9GU121447,REPO,AUTO,0.00, ,0.00,0.00,0.00,True,0,False,164116,6000.00,2016,Hyundai,Genesis,3.8L V6,10,,0,,0,0,,1/1/2001 12:00:00 AM,False,,,0.0000,,,,,0,,0,0,,2016 Hyundai Genesis  4D Sedan  3.8L V6 DI DOHC CVVT 3.8L
3/27/2026 1:17:59 PM,2027,33532001,3/5/2023 12:00:00 AM,23-113,2D Coupe 3.8,5300.00,0.00,0.00,0,5300.00,0.00,BLACK,REPO 2531,2,KMHHU6KH2AU018860,REPO,AUTO,0.00, ,0.00,0.00,0.00,True,0,False,165358,5300.00,2010,Hyundai,Genesis Coupe,Grand Touring,16,,0,,0,0,,1/1/2001 12:00:00 AM,False,,,0.0000,,,,,0,,0,0,,2010 Hyundai Genesis Coupe  2D Coupe 3.8  3.8L V6 MPI DOHC 3.8L
3/27/2026 1:17:59 PM,3806,33532001,2/10/2025 12:00:00 AM,25048,4D SUV FWD 2.4L,0.00,0.00,0.00,0,0.00,0.00,BLACK,UNASSIGNED,1,5XYZU3LB6FG263977,INSTOCK,,0.00, ,0.00,0.00,0.00,False,0,False,204534,0.00,2015,Hyundai,Santa Fe Sport,,11,,0,,0,0,,1/1/2001 12:00:00 AM,False,,,0.0000,,,,,0,,0,0,,2015 Hyundai Santa Fe Sport  4D SUV FWD 2.4L  2.4L I-4 DI DOHC 2.4L
3/27/2026 1:17:59 PM,3168,33532001,5/5/2024 12:00:00 AM,24328,4D Sedan 2.4,2789.00,0.00,0.00,0,2789.00,0.00,TAN,REPO 2639,2,5NPEB4AC5BH094947,REPO,AUTO,0.00, ,0.00,0.00,0.00,True,0,False,165355,2789.00,2011,Hyundai,Sonata,GLS,15,,0,,0,0,,1/1/2001 12:00:00 AM,False,,,0.0000,,,,,0,,0,0,,2011 Hyundai Sonata  4D Sedan 2.4  2.4L I-4 DI DOHC 2.4L
3/27/2026 1:17:59 PM,4833,33532001,3/20/2026 12:00:00 AM,26128,4D Sedan 2.4,1800.00,0.00,0.00,0,2080.00,0.00,GRAY,UNASSIGNED,1,5NPEB4AC9DH649868,INSTOCK,AUTO,0.00, ,280.00,0.00,0.00,False,0,False,175074,2080.00,2013,Hyundai,Sonata,GLS,13,,0,,0,0,,1/1/2001 12:00:00 AM,False,,,0.0000,,,,,0,,0,0,,2013 Hyundai Sonata  4D Sedan 2.4  2.4L I-4 DI DOHC 2.4L
3/27/2026 1:17:59 PM,4814,33532001,3/11/2026 12:00:00 AM,26115,4D Sedan 2.4,2100.00,0.00,0.00,0,2475.00,0.00,RED,UNASSIGNED,1,5NPEB4AC2DH590159,INSTOCK,AUTO,0.00, ,375.00,0.00,0.00,False,0,False,172651,2475.00,2013,Hyundai,Sonata,GLS,13,,0,,0,0,,1/1/2001 12:00:00 AM,False,,,0.0000,,,,,0,,0,0,,2013 Hyundai Sonata  4D Sedan 2.4  2.4L I-4 DI DOHC 2.4L
3/27/2026 1:17:59 PM,4653,33532001,1/5/2026 12:00:00 AM,26004,3D Coupe,1200.00,0.00,0.00,0,1200.00,0.00,RED,REPO 3983,2,KMHTC6AD1CU075629,REPO,MANUAL,0.00, ,0.00,0.00,0.00,True,0,False,101123,1200.00,2012,Hyundai,Veloster,,14,,0,,0,0,,1/1/2001 12:00:00 AM,False,,,0.0000,,,,,0,,0,0,,2012 Hyundai Veloster  3D Coupe  1.6L I-4 DI DOHC CVVT 1.6
3/27/2026 1:17:59 PM,3430,33532001,7/19/2024 12:00:00 AM,24511,2D Coupe,3812.00,0.00,0.00,0,3812.00,0.00,BLACK,REPO 2663,2,JNKCV54E44M809161,REPO,5 SPEED MANUAL,0.00, ,0.00,0.00,0.00,True,0,False,200133,3812.00,2004,INFINITI,G35,,22,,0,,0,0,,1/1/2001 12:00:00 AM,False,,,0.0000,,,,,0,,0,0,,2004 INFINITI G35  2D Coupe  3.5L V6 DOHC 3.5L
3/27/2026 1:17:59 PM,1708,33532001,9/6/2022 12:00:00 AM,22-260,4D Sedan,2600.00,0.00,0.00,0,2800.00,0.00,GRAY,UNASSIGNED,1,JNKBV61EX7M713951,INSTOCK,AUTO,0.00, ,200.00,0.00,0.00,False,0,False,129302,2800.00,2007,INFINITI,G35,Base,19,,0,,0,0,,1/1/2001 12:00:00 AM,False,,,0.0000,,,,,0,,0,0,,2007 INFINITI G35  4D Sedan  3.5L V6 DOHC 3.5L
3/27/2026 1:17:59 PM,4590,33532001,12/29/2025 12:00:00 AM,25625,2D Coupe,3500.00,0.00,0.00,0,3500.00,0.00,GRAY,REPO 4145,2,JNKCV64E78M120548,REPO,AUTO,0.00, ,0.00,0.00,0.00,True,0,False,197379,3500.00,2008,INFINITI,G37,Base,18,,0,,0,0,,1/1/2001 12:00:00 AM,False,,,0.0000,,,,,0,,0,0,,2008 INFINITI G37  2D Coupe  3.7L V6 SFI DOHC 3.7L
3/27/2026 1:17:59 PM,3788,33532001,2/3/2025 12:00:00 AM,25026,4D Sedan,0.00,0.00,0.00,0,0.00,0.00,BLACK,TRADE IN 3848,3,JNKAY01E36M109513,INSTOCK,,0.00, ,0.00,0.00,0.00,False,0,False,210227,0.00,2006,INFINITI,M35,Base,20,,0,,0,0,,1/1/2001 12:00:00 AM,False,,,0.0000,,,,,0,,0,0,,2006 INFINITI M35  4D Sedan  3.5L V6 MPI DOHC 3.5L
3/27/2026 1:17:59 PM,1042,33532001,2/5/2021 12:00:00 AM,21-049,4D Sedan,2000.00,0.00,0.00,0,2325.00,0.00,ALUMINUM,UNASSIGNED,1,JNKAY01E87M305416,INSTOCK,AUTO,0.00, ,325.00,0.00,0.00,False,0,False,131889,2325.00,2007,INFINITI,M35,Base,19,,0,,0,0,,1/1/2001 12:00:00 AM,False,,,0.0000,,,,,0,,0,0,,2007 INFINITI M35  4D Sedan  3.5L V6 MPI DOHC 3.5L
3/27/2026 1:17:59 PM,1860,33532001,11/1/2022 12:00:00 AM,22-319,4D Sedan,0.00,0.00,0.00,0,0.00,0.00,,TRADE IN 2419,3,JNKAY01E37M308059,INSTOCK,,0.00, ,0.00,0.00,0.00,False,0,False,215000,0.00,2007,INFINITI,M35,Base,19,,0,,0,0,,1/1/2001 12:00:00 AM,False,,,0.0000,,,,,0,,0,0,,2007 INFINITI M35  4D Sedan  3.5L V6 MPI DOHC 3.5L
3/27/2026 1:17:59 PM,4738,33532001,2/17/2026 12:00:00 AM,26055,4D Sedan,1900.00,0.00,0.00,0,2220.00,0.00,GRAY,UNASSIGNED,1,JN1BV7AP3FM344196,INSTOCK,AUTO,0.00, ,320.00,0.00,0.00,False,0,False,155541,2220.00,2015,INFINITI,Q50,Base,11,,0,,0,0,,1/1/2001 12:00:00 AM,False,,,0.0000,,,,,0,,0,0,,2015 INFINITI Q50  4D Sedan  3.7L V6 SFI DOHC 3.7L
3/27/2026 1:17:59 PM,4722,33532001,2/11/2026 12:00:00 AM,26043,2D Coupe 2.0t,6300.00,0.00,0.00,0,6865.00,0.00,ALUMINUM,UNASSIGNED,1,JN1CV7EK1HM110273,INSTOCK,AUTO,0.00, ,565.00,0.00,0.00,False,0,False,116719,6865.00,2017,INFINITI,Q60,Premium,9,,0,,0,0,,1/1/2001 12:00:00 AM,False,,,0.0000,,,,,0,,0,0,,2017 INFINITI Q60  2D Coupe 2.0t  2.0L I-4 DI DOHC T/C 2.0L
3/27/2026 1:17:59 PM,1535,33532001,4/13/2022 12:00:00 AM,22-102,UT,1900.00,0.00,0.00,0,2245.00,0.00,BLACK,UNASSIGNED,1,5N3AA08A65N805500,INSTOCK,AUTO,0.00, ,345.00,0.00,0.00,False,0,False,272262,2245.00,2005,INFINITI,QX56,,21,,0,,0,0,,1/1/2001 12:00:00 AM,False,,,0.0000,,,,,0,,0,0,,2005 INFINITI QX56  4D SUV RWD  5.6L V8 MPI DOHC 5.6L
3/27/2026 1:17:59 PM,4437,33532001,10/11/2025 12:00:00 AM,25512,UT,7000.00,0.00,0.00,0,7475.00,0.00,ALUMINUM,UNASSIGNED,1,5N1DL0MN0HC517528,INSTOCK,AUTO,0.00, ,475.00,0.00,0.00,False,0,False,120843,7475.00,2017,INFINITI,QX60,,9,,0,,0,0,,1/1/2001 12:00:00 AM,False,,,0.0000,,,,,0,,0,0,,2017 INFINITI QX60  4D SUV FWD  3.5L V6 DI DOHC CVTCS 3.5
3/27/2026 1:17:59 PM,3389,33532001,8/27/2024 12:00:00 AM,24484,UT,3500.00,0.00,0.00,0,3500.00,0.00,BLACK,UNASSIGNED,1,1C4NJCEA5CD677158,INSTOCK,AUTO,0.00, ,0.00,0.00,0.00,False,0,False,122913,3500.00,2012,Jeep,Compass,Latitude,14,,0,,0,0,,1/1/2001 12:00:00 AM,False,,,0.0000,,,,,0,,0,0,,2012 Jeep Compass  4D SUV FWD  2.0L I-4 SFI DOHC 2.0L
3/27/2026 1:17:59 PM,2892,33532001,3/23/2024 12:00:00 AM,24138,4D SUV 4WD,3000.00,0.00,0.00,0,3000.00,0.00,GREEN,REPO 3142,2,1J4GR48K15C722384,REPO,,0.00, ,0.00,0.00,0.00,True,0,False,145000,3000.00,2005,Jeep,Grand Cherokee,Laredo,21,,0,,0,0,,1/1/2001 12:00:00 AM,False,,,0.0000,,,,,0,,0,0,,2005 Jeep Grand Cherokee  4D SUV 4WD  3.7L V6 MPI 3.7L
3/27/2026 1:17:59 PM,4048,33532001,4/12/2025 12:00:00 AM,25165,2D SUV 4WD,0.00,0.00,0.00,0,0.00,0.00,BLACK,TRADE IN 3988,3,1J4FA39S24P729119,INSTOCK,,0.00, ,0.00,0.00,0.00,False,0,False,188452,0.00,2004,Jeep,Wrangler,X,22,,0,,0,0,,1/1/2001 12:00:00 AM,False,,,0.0000,,,,,0,,0,0,,2004 Jeep Wrangler  2D SUV 4WD  4.0L I-6 MPI 4.0L
3/27/2026 1:17:59 PM,3789,33532001,2/3/2025 12:00:00 AM,25034,4D Sedan,0.00,0.00,0.00,0,0.00,0.00,ALUMINUM,TRADE IN 3848,3,5XXGT4L39GG084234,INSTOCK,,0.00, ,0.00,0.00,0.00,False,121234,False,0,0.00,2016,Kia,Optima,LX,10,,0,,0,0,,1/1/2001 12:00:00 AM,False,,,0.0000,,,,,0,,0,0,,2016 Kia Optima  4D Sedan  2.4L I-4 DI DOHC 2.4L
3/27/2026 1:17:59 PM,2786,33532001,2/12/2024 12:00:00 AM,24060,4D Wagon,1200.00,0.00,0.00,0,1200.00,0.00,BLACK,REPO 2718,2,KNDMB233476173475,REPO,AUTO,0.00, ,0.00,0.00,0.00,True,0,False,222000,1200.00,2007,Kia,Sedona,EX,19,,0,,0,0,,1/1/2001 12:00:00 AM,False,,,0.0000,,,,,0,,0,0,,2007 Kia Sedona  4D Wagon  3.8L V6 MPI DOHC 3.8L
3/27/2026 1:17:59 PM,4850,33532001,3/27/2026 12:00:00 AM,26140,4D Wagon,2200.00,0.00,0.00,0,2480.00,0.00,GRAY,UNASSIGNED,1,KNDJT2A58D7587773,INSTOCK,AUTO,0.00, ,280.00,0.00,0.00,False,0,False,69919,2480.00,2013,Kia,Soul,Base,13,,0,,0,0,,1/1/2001 12:00:00 AM,False,,,0.0000,,,,,0,,0,0,,2013 Kia Soul  4D Wagon  1.6L I-4 MPI DOHC 1.6L
3/27/2026 1:17:59 PM,3256,33532001,7/11/2024 12:00:00 AM,24393,4D Wagon,1300.00,0.00,0.00,0,1640.00,0.00,BROWN,UNASSIGNED,1,KNDJN2A20F7154595,INSTOCK,AUTO,0.00, ,340.00,0.00,0.00,False,0,False,180083,1640.00,2015,Kia,Soul,Base,11,,0,,0,0,,1/1/2001 12:00:00 AM,False,,,0.0000,,,,,0,,0,0,,2015 Kia Soul  4D Wagon  1.6L I-4 DI DOHC CVVT 1.6
3/27/2026 1:17:59 PM,3276,33532001,7/18/2024 12:00:00 AM,24405,4D Wagon,4400.00,0.00,0.00,0,4870.00,0.00,BLACK,UNASSIGNED,1,KNDJN2A26H7440101,INSTOCK,AUTO,0.00, ,470.00,0.00,0.00,False,0,False,134515,4870.00,2017,Kia,Soul,Base,9,,0,,0,0,,1/1/2001 12:00:00 AM,False,,,0.0000,,,,,0,,0,0,,2017 Kia Soul  4D Wagon  1.6L I-4 DI DOHC CVVT 1.6
3/27/2026 1:17:59 PM,1574,33532001,5/11/2022 12:00:00 AM,22-138,4D Sedan,1800.00,0.00,0.00,0,2145.00,0.00,BLACK,UNASSIGNED,1,JT8BF28G2Y5074781,INSTOCK,AUTO,0.00, ,345.00,0.00,0.00,False,0,False,121082,2145.00,2000,Lexus,ES 300,,26,,0,,0,0,,1/1/2001 12:00:00 AM,False,,,0.0000,,,,,0,,0,0,,2000 Lexus ES 300  4D Sedan  3.0L V6 EFI DOHC 3.0L
3/27/2026 1:17:59 PM,4444,33532001,10/12/2025 12:00:00 AM,25517,4D Sedan,2000.00,0.00,0.00,0,2000.00,0.00,GRAY,REPO 4001,2,JTHBL46F675040761,REPO,AUTO,0.00, ,0.00,0.00,0.00,True,0,False,236123,2000.00,2007,Lexus,LS 460,Base,19,,0,,0,0,,1/1/2001 12:00:00 AM,False,,,0.0000,,,,,0,,0,0,,2007 Lexus LS 460  4D Sedan  4.6L V8 EFI DOHC 4.6L
3/27/2026 1:17:59 PM,65,33532001,7/30/2014 12:00:00 AM,14-09,,2200.00,56.00,0.00,0,2406.00,0.00,WHITE,UNASSIGNED,1,JT8JZ31CXS0020763,INSTOCK,AUTO,0.00, ,150.00,0.00,0.00,False,0,False,132500,2406.00,1995,Lexus,SC 300,,31,,0,,0,0,,1/1/2001 12:00:00 AM,False,,,0.0000,,,,,2,,0,2,,1995 Lexus SC 300    
3/27/2026 1:17:59 PM,3879,33532001,3/7/2025 12:00:00 AM,25098,4D Hatchback,4000.00,0.00,0.00,0,4000.00,0.00,RED,UNASSIGNED,1,JM1DE1HY2B0127001,INSTOCK,MANUAL,0.00, ,0.00,0.00,0.00,False,0,False,128645,4000.00,2011,Mazda,Mazda2,Sport,15,,0,,0,0,,1/1/2001 12:00:00 AM,False,,,0.0000,,,,,0,,0,0,,2011 Mazda Mazda2  4D Hatchback  1.5L I-4 EFI DOHC VVT 1.5
3/27/2026 1:17:59 PM,2173,33532001,6/12/2023 12:00:00 AM,23-231,4D Sedan,2800.00,0.00,0.00,0,2800.00,0.00,BLACK,UNASSIGNED,1,JM1BK323161455504,INSTOCK,,0.00, ,0.00,0.00,0.00,False,0,False,98596,2800.00,2006,Mazda,Mazda3,S,20,,0,,0,0,,1/1/2001 12:00:00 AM,False,,,0.0000,,,,,0,,0,0,,2006 Mazda Mazda3  4D Sedan  2.3L I-4 MPI DOHC 2.3L
3/27/2026 1:17:59 PM,2726,33532001,1/20/2024 12:00:00 AM,24014,4D ,4500.00,0.00,0.00,0,4500.00,0.00,GRAY,REPO 2285,2,WDDGF54X28R014593,REPO,AUTO,0.00, ,0.00,0.00,0.00,True,0,False,198545,4500.00,2008,Mercedes-Benz,C Class,C300,18,,0,,0,0,,1/1/2001 12:00:00 AM,False,,,0.0000,,,,,0,,0,0,,2008 Mercedes-Benz C Class  4D Luxury Sedan  3.0L V6 SFI DOHC 3.0L
3/27/2026 1:17:59 PM,4709,33532001,2/2/2026 12:00:00 AM,26037,4D Luxury Sedan,3000.00,0.00,0.00,0,3000.00,0.00,WHITE,UNASSIGNED,1,WDDGF54X39R072102,INSTOCK,AUTO,0.00, ,0.00,0.00,0.00,False,0,False,200000,3000.00,2009,Mercedes-Benz,C Class,C300,17,,0,,0,0,,1/1/2001 12:00:00 AM,False,,,0.0000,,,,,0,,0,0,,2009 Mercedes-Benz C Class  4D Luxury Sedan  3.0L V6 SFI DOHC 3.0L
3/27/2026 1:17:59 PM,1788,33532001,11/2/2022 12:00:00 AM,22-335,4D Luxury Sedan,4300.00,0.00,0.00,0,4785.00,0.00,RED,UNASSIGNED,1,WDDGF54X99R082634,INSTOCK,AUTO,0.00, ,485.00,0.00,0.00,False,0,False,115179,4785.00,2009,Mercedes-Benz,C Class,C300,17,,0,,0,0,,1/1/2001 12:00:00 AM,False,,,0.0000,,,,,0,,0,0,,2009 Mercedes-Benz C Class  4D Luxury Sedan  3.0L V6 SFI DOHC 3.0L
3/27/2026 1:17:59 PM,1605,33532001,5/23/2022 12:00:00 AM,22-142,4D Luxury Sedan 4M,0.00,0.00,0.00,0,0.00,0.00,GRAY,TRADE IN 2246,3,WDDGF81X99R067914,INSTOCK,AUTO,0.00, ,0.00,0.00,0.00,False,0,False,128657,0.00,2009,Mercedes-Benz,C Class,C300,17,,0,,0,0,,1/1/2001 12:00:00 AM,False,,,0.0000,,,,,0,,0,0,,2009 Mercedes-Benz C Class  4D Luxury Sedan 4M  3.0L V6 SFI DOHC 3.0L
3/27/2026 1:17:59 PM,2086,33532001,4/5/2023 12:00:00 AM,23-167,4D Luxury Sedan,2600.00,0.00,0.00,0,2600.00,0.00,BLACK,REPO 2420,2,WDDGF4HB2CR214830,REPO,AUTO,0.00, ,0.00,0.00,0.00,True,0,False,185151,2600.00,2012,Mercedes-Benz,C Class,C250,14,,0,,0,0,,1/1/2001 12:00:00 AM,False,,,0.0000,,,,,0,,0,0,,2012 Mercedes-Benz C Class  4D Luxury Sedan  1.8L I-4 DI T/C I/C 1.8L
3/27/2026 1:17:59 PM,1915,33532001,1/4/2023 12:00:00 AM,23-008,2D Coupe,4500.00,0.00,0.00,0,4500.00,0.00,WHITE,REPO 2411,2,WDDGJ4HB0CF817792,REPO,AUTO,0.00, ,0.00,0.00,0.00,True,0,False,96145,4500.00,2012,Mercedes-Benz,C Class,C250,14,,0,,0,0,,1/1/2001 12:00:00 AM,False,,,0.0000,,,,,0,,0,0,,2012 Mercedes-Benz C Class  2D Coupe  1.8L I-4 DI T/C I/C 1.8L
3/27/2026 1:17:59 PM,2072,33532001,4/24/2023 12:00:00 AM,23-156,4D,3750.00,0.00,0.00,0,4110.00,0.00,ALUMINUM,UNASSIGNED,1,WDDGF8BB1CF913657,INSTOCK,AUTO,0.00, ,360.00,0.00,0.00,False,0,False,150027,4110.00,2012,Mercedes-Benz,C Class,C300,14,,0,,0,0,,1/1/2001 12:00:00 AM,False,,,0.0000,,,,,0,,0,0,,2012 Mercedes-Benz C Class  4D Luxury Sedan 4M  3.0L V6 SFI DOHC 3.0L
3/27/2026 1:17:59 PM,4361,33532001,9/10/2025 12:00:00 AM,25453,2D Convertible,0.00,0.00,0.00,0,0.00,0.00,BLUE,TRADE IN 4210,3,WMWRF33548TF68051,INSTOCK,,0.00, ,0.00,0.00,0.00,False,0,False,114077,0.00,2008,Mini,Cooper,Base,18,,0,,0,0,,1/1/2001 12:00:00 AM,False,,,0.0000,,,,,0,,0,0,,2008 Mini Cooper  2D Convertible  1.6L I-4 EFI OHC 1.6L
3/27/2026 1:17:59 PM,4678,33532001,1/25/2026 12:00:00 AM,26015,2D Convertible,2000.00,0.00,0.00,0,2070.00,0.00,BLACK,UNASSIGNED,1,4A3AL35T99E040607,INSTOCK,MANUAL,0.00, ,70.00,0.00,0.00,False,0,False,129196,2070.00,2009,Mitsubishi,Eclipse,Spyder GT,17,,0,,0,0,,1/1/2001 12:00:00 AM,False,,,0.0000,,,,,0,,0,0,,2009 Mitsubishi Eclipse  2D Convertible  3.8L V6 MPI SOHC MIVEC 3.
3/27/2026 1:17:59 PM,4846,33532001,3/26/2026 12:00:00 AM,26137,4D Hatchback,1780.00,0.00,0.00,0,1780.00,0.00,WHITE,Car Factory Deland,1,JA32X8HW6AU020628,INSTOCK,AUTO,0.00, ,0.00,0.00,0.00,False,0,False,119966,1780.00,2010,Mitsubishi,Lancer,GTS,16,,0,,0,0,,1/1/2001 12:00:00 AM,False,,,0.0000,,,,,0,,0,0,,2010 Mitsubishi Lancer  4D Hatchback  2.4L I-4 MPI DOHC 2.4L
3/27/2026 1:17:59 PM,4623,33532001,1/8/2026 12:00:00 AM,25650,4D Sedan,1300.00,0.00,0.00,0,1690.00,0.00,ORANGE,UNASSIGNED,1,JA32U8FW1BU002499,INSTOCK,AUTO,0.00, ,390.00,0.00,0.00,False,0,False,195401,1690.00,2011,Mitsubishi,Lancer,GTS,15,,0,,0,0,,1/1/2001 12:00:00 AM,False,,,0.0000,,,,,0,,0,0,,2011 Mitsubishi Lancer  4D Sedan  2.4L I-4 MPI DOHC 2.4L
3/27/2026 1:17:59 PM,4847,33532001,3/23/2026 12:00:00 AM,26135,UT,0.00,0.00,0.00,0,0.00,0.00,ALUMINUM,TRADE IN 4524,3,4A4AP3AU2EE028999,INSTOCK,,0.00, ,0.00,0.00,0.00,False,0,False,181747,0.00,2014,Mitsubishi,Outlander Sport,ES,12,,0,,0,0,,1/1/2001 12:00:00 AM,False,,,0.0000,,,,,0,,0,0,,2014 Mitsubishi Outlander Sport  4D SUV FWD  2.0L I-4 MPI DOHC 2.0L
3/27/2026 1:17:59 PM,414,33532001,8/6/2018 12:00:00 AM,18-89,4D Sedan,0.00,0.00,0.00,0,0.00,0.00,ALUMINUM,UNASSIGNED,1,1N4AL21E28C142058,INSTOCK,,0.00, ,0.00,0.00,0.00,False,0,False,134530,0.00,2008,Nissan,Altima,Base,18,,0,,0,0,,1/1/2001 12:00:00 AM,False,,,0.0000,,,,,0,,0,2,,2008 Nissan Altima  4D Sedan  2.5L I-4 MPI DOHC 2.5L
3/27/2026 1:17:59 PM,4843,33532001,3/19/2026 12:00:00 AM,26127,4D Sedan,0.00,0.00,0.00,0,0.00,0.00,ALUMINUM,TRADE IN 4519,3,1N4AL2AP6BC150219,INSTOCK,,0.00, ,0.00,0.00,0.00,False,0,False,190254,0.00,2011,Nissan,Altima,Base,15,,0,,0,0,,1/1/2001 12:00:00 AM,False,,,0.0000,,,,,0,,0,0,,2011 Nissan Altima  4D Sedan  2.5L I-4 SMPI DOHC CVTCS 
3/27/2026 1:17:59 PM,3126,33532001,5/30/2024 12:00:00 AM,24296,UT,4000.00,0.00,0.00,0,4000.00,0.00,ALUMINUM,UNASSIGNED,1,5N1AA08A16N740002,INSTOCK,AUTO,0.00, ,0.00,0.00,0.00,False,0,False,149545,4000.00,2006,Nissan,Armada,LE,20,,0,,0,0,,1/1/2001 12:00:00 AM,False,,,0.0000,,,,,0,,0,0,,2006 Nissan Armada  4D SUV RWD  5.6L V8 MPI DOHC 5.6L
3/27/2026 1:17:59 PM,1021,33532001,1/27/2021 12:00:00 AM,21-027,UT,900.00,0.00,0.00,0,1125.00,0.00,BLACK,UNASSIGNED,1,5N1AA08D28N624644,INSTOCK,AUTO,0.00, ,225.00,0.00,0.00,False,0,False,239489,1125.00,2008,Nissan,Armada,LE,18,,0,,0,0,,1/1/2001 12:00:00 AM,False,,,0.0000,,,,,0,,0,0,,2008 Nissan Armada  4D SUV RWD  5.6L V8 MPI DOHC 5.6L
3/27/2026 1:17:59 PM,4074,33532001,5/24/2025 12:00:00 AM,25244,,729.00,0.00,0.00,0,729.00,0.00,RED,REPO 3259,1,1N6ED26T8YC410625,REPO,AUTO,0.00, ,0.00,0.00,0.00,True,0,False,200000,729.00,2000,Nissan,Frontier,SE Desert Runner,26,,0,,0,0,,1/1/2001 12:00:00 AM,False,,,0.0000,,,,,0,,0,0,,2000 Nissan Frontier  King Cab V6  3.3L V6 EFI SOHC 3.3L
3/27/2026 1:17:59 PM,772,33532001,6/24/2020 12:00:00 AM,20-113,4D Sedan,1500.00,0.00,0.00,0,1500.00,0.00,,OMAR LEON RAMIREZ,1,1N4BA41E85C863714,INSTOCK,,0.00, ,0.00,0.00,0.00,False,0,False,0,1500.00,2005,Nissan,Maxima,SL,21,,0,,0,0,,1/1/2001 12:00:00 AM,False,,,0.0000,,,,,0,,0,0,,2005 Nissan Maxima  4D Sedan  3.5L V6 MPI DOHC 3.5L
3/27/2026 1:17:59 PM,4776,33532001,2/28/2026 12:00:00 AM,26084,4D Sedan,2500.00,0.00,0.00,0,2500.00,0.00,BEIGE,REPO 4340,2,1N4BA41E96C843988,REPO,,0.00, ,0.00,0.00,0.00,True,0,False,20000,2500.00,2006,Nissan,Maxima,SE,20,,0,,0,0,,1/1/2001 12:00:00 AM,False,,,0.0000,,,,,0,,0,0,,2006 Nissan Maxima  4D Sedan  3.5L V6 MPI DOHC 3.5L
3/27/2026 1:17:59 PM,1431,33532001,1/19/2022 12:00:00 AM,22-012,4D Sedan,3800.00,0.00,0.00,0,4135.00,0.00,BLACK,UNASSIGNED,1,1N4AA5AP4BC857648,INSTOCK,AUTO,0.00, ,335.00,0.00,0.00,False,0,False,142969,4135.00,2011,Nissan,Maxima,SV,15,,0,,0,0,,1/1/2001 12:00:00 AM,False,,,0.0000,,,,,0,,0,0,,2011 Nissan Maxima  4D Sedan  3.5L V6 MPI DOHC 3.5L
3/27/2026 1:17:59 PM,2595,33532001,12/3/2023 12:00:00 AM,23557,4D Sedan,1300.00,0.00,0.00,0,1300.00,0.00,BLACK,REPO 2906,2,1N4AA5AP6DC837968,REPO,AUTO,0.00, ,0.00,0.00,0.00,True,0,False,178450,1300.00,2013,Nissan,Maxima,SV,13,,0,,0,0,,1/1/2001 12:00:00 AM,False,,,0.0000,,,,,0,,0,0,,2013 Nissan Maxima  4D Sedan  3.5L V6 MPI DOHC 3.5L
3/27/2026 1:17:59 PM,4135,33532001,6/19/2025 12:00:00 AM,25295,4D Sedan,0.00,0.00,0.00,0,0.00,0.00,GRAY,TRADE IN 4083,3,1N4AA5AP6EC463492,INSTOCK,,0.00, ,0.00,0.00,0.00,False,0,False,244561,0.00,2014,Nissan,Maxima,S,12,,0,,0,0,,1/1/2001 12:00:00 AM,False,,,0.0000,,,,,0,,0,0,,2014 Nissan Maxima  4D Sedan  3.5L V6 SMPI DOHC CVTCS 3
3/27/2026 1:17:59 PM,4426,33532001,9/19/2025 12:00:00 AM,25479,4D SUV RWD,0.00,0.00,0.00,0,0.00,0.00,BEIGE,TRADE IN 4224,3,JN8DR09X71W562505,INSTOCK,,0.00, ,0.00,0.00,0.00,False,0,False,190245,0.00,2001,Nissan,Pathfinder,LE,25,,0,,0,0,,1/1/2001 12:00:00 AM,False,,,0.0000,,,,,0,,0,0,,2001 Nissan Pathfinder  4D SUV RWD  3.5L V6 MPI DOHC 3.5L
3/27/2026 1:17:59 PM,4013,33532001,4/19/2025 12:00:00 AM,25176,4D Sedan,0.00,0.00,0.00,0,0.00,0.00,RED,TRADE IN 3998,3,3N1AB51D16L533664,INSTOCK,,0.00, ,0.00,0.00,0.00,False,0,False,238512,0.00,2006,Nissan,Sentra,SE-R,20,,0,,0,0,,1/1/2001 12:00:00 AM,False,,,0.0000,,,,,0,,0,0,,2006 Nissan Sentra  4D Sedan  2.5L I-4 EFI DOHC 2.5L
3/27/2026 1:17:59 PM,3992,33532001,4/21/2025 12:00:00 AM,25187,4D Sedan,2678.00,0.00,0.00,0,2678.00,0.00,ALUMINUM,REPO 3902,2,3N1AB7AP3FY276886,REPO,AUTO,0.00, ,0.00,0.00,0.00,True,0,False,181012,2678.00,2015,Nissan,Sentra,SV,11,,0,,0,0,,1/1/2001 12:00:00 AM,False,,,0.0000,,,,,0,,0,0,,2015 Nissan Sentra  4D Sedan  1.8L I-4 SMPI DOHC 1.8L
3/27/2026 1:17:59 PM,4412,33532001,9/28/2025 12:00:00 AM,25499,,2000.00,0.00,0.00,0,2000.00,0.00,RED,REPO 2583,2,1N6AA07BX5N545008,REPO,AUTO,0.00, ,0.00,0.00,0.00,True,0,False,203213,2000.00,2005,Nissan,Titan,SE,21,,0,,0,0,,1/1/2001 12:00:00 AM,False,,,0.0000,,,,,0,,0,0,,2005 Nissan Titan  Crew Cab 4WD  5.6L V8 MPI DOHC 5.6L
3/27/2026 1:17:59 PM,1022,33532001,1/27/2021 12:00:00 AM,21-028,,4400.00,0.00,0.00,0,4745.00,0.00,ALUMINUM,UNASSIGNED,1,1N6AA07B65N506190,INSTOCK,AUTO,0.00, ,345.00,0.00,0.00,False,0,False,144499,4745.00,2005,Nissan,Titan,XE,21,,0,,0,0,,1/1/2001 12:00:00 AM,False,,,0.0000,,,,,0,,0,0,,2005 Nissan Titan  Crew Cab 4WD  5.6L V8 MPI DOHC 5.6L
3/27/2026 1:17:59 PM,3631,33532001,9/18/2024 12:00:00 AM,24648,,1450.00,0.00,0.00,0,1450.00,0.00,ALUMINUM,REPO 2008,2,1N6BA06A57N244288,REPO,AUTO,0.00, ,0.00,0.00,0.00,True,0,False,200000,1450.00,2007,Nissan,Titan,SE,19,,0,,0,0,,1/1/2001 12:00:00 AM,False,,,0.0000,,,,,0,,0,0,,2007 Nissan Titan  King Cab  5.6L V8 MPI DOHC 5.6L
3/27/2026 1:17:59 PM,2953,33532001,12/23/2023 12:00:00 AM,23598,Crew Cab,0.00,0.00,0.00,0,0.00,0.00,WHITE,TRADE IN 3087,3,1N6BA07A97N239660,INSTOCK,,0.00, ,0.00,0.00,0.00,False,0,False,196241,0.00,2007,Nissan,Titan,LE,19,,0,,0,0,,1/1/2001 12:00:00 AM,False,,,0.0000,,,,,0,,0,0,,2007 Nissan Titan  Crew Cab  5.6L V8 MPI DOHC 5.6L
3/27/2026 1:17:59 PM,807,33532001,8/6/2020 12:00:00 AM,20-143,Crew Cab 4WD,5000.00,4000.00,0.00,0,9000.00,0.00,ALUMINUM,UNASSIGNED,1,1N6AA07C68N321957,INSTOCK,AUTO,0.00, ,0.00,0.00,0.00,False,0,False,148456,9000.00,2008,Nissan,Titan,SE,18,,0,,0,0,,1/1/2001 12:00:00 AM,False,,,0.0000,,,,,0,,0,0,,2008 Nissan Titan  Crew Cab 4WD  5.6L V8 MPI DOHC 5.6L
3/27/2026 1:17:59 PM,3304,33532001,7/29/2024 12:00:00 AM,24425,4D Hatchback,3500.00,0.00,0.00,0,3500.00,0.00,WHITE,UNASSIGNED,1,3N1CE2CP9FL361874,INSTOCK,MANUAL,0.00, ,0.00,0.00,0.00,False,0,False,130319,3500.00,2015,Nissan,Versa Note,S,11,,0,,0,0,,1/1/2001 12:00:00 AM,False,,,0.0000,,,,,0,,0,0,,2015 Nissan Versa Note  4D Hatchback  1.6L I-4 SMPI DOHC CVTCS 
3/27/2026 1:17:59 PM,1627,33532001,6/27/2022 12:00:00 AM,22-186,4D SUV RWD V6,1000.00,0.00,0.00,0,1000.00,0.00,GRAY,UNASSIGNED,1,5N1ED28T64C635485,INSTOCK,,0.00, ,0.00,0.00,0.00,False,0,False,0,1000.00,2004,Nissan,Xterra,SE,22,,0,,0,0,,1/1/2001 12:00:00 AM,False,,,0.0000,,,,,0,,0,0,,2004 Nissan Xterra  4D SUV RWD V6  3.3L V6 EFI SOHC 3.3L
3/27/2026 1:17:59 PM,3171,33532001,6/13/2024 12:00:00 AM,24330,2D Coupe,5000.00,0.00,0.00,0,5000.00,0.00,RED,UNASSIGNED,1,2G2FV22P7S2212496,INSTOCK,AUTO,0.00, ,0.00,0.00,0.00,False,0,False,171802,5000.00,1995,Pontiac,Firebird,Formula,31,,0,,0,0,,1/1/2001 12:00:00 AM,False,,,0.0000,,,,,0,,0,0,,1995 Pontiac Firebird  2D Coupe  5.7L V8 MFI 5.7L
3/27/2026 1:17:59 PM,1978,33532001,2/7/2023 12:00:00 AM,23-065,2D Roadster,4500.00,0.00,0.00,0,4500.00,0.00,ALUMINUM,REPO 2372,2,1G2MB35B67Y114429,REPO,MANUAL,0.00, ,0.00,0.00,0.00,True,0,False,102817,4500.00,2007,Pontiac,Solstice,Base,19,,0,,0,0,,1/1/2001 12:00:00 AM,False,,,0.0000,,,,,0,,0,0,,2007 Pontiac Solstice  2D Roadster  2.4L I-4 MPI 2.4L
3/27/2026 1:17:59 PM,1894,33532001,12/23/2022 12:00:00 AM,22-399,,1300.00,0.00,0.00,0,1570.00,0.00,RED,UNASSIGNED,1,1GMDX03EXWD253182,INSTOCK,AUTOMATIC,0.00, ,270.00,0.00,0.00,False,0,False,297698,1570.00,1998,Pontiac,Trans Sport,Montana,28,,0,,0,0,,1/1/2001 12:00:00 AM,False,,,0.0000,,,,,0,,0,0,,1998 Pontiac Trans Sport  4D Ext Wagon  3.4L V6 SFI HO 3.4L
3/27/2026 1:17:59 PM,1526,33532001,4/6/2022 12:00:00 AM,22-094,4D Sedan,2000.00,0.00,0.00,0,2000.00,0.00,RED,REPO 2031,2,1G8ZV57737F185557,REPO,AUTO,0.00, ,0.00,0.00,0.00,True,0,False,213555,2000.00,2007,Saturn,Aura,XR,19,,0,,0,0,,1/1/2001 12:00:00 AM,False,,,0.0000,,,,,0,,0,0,,2007 Saturn Aura  4D Sedan  3.6L V6 SFI 3.6L
3/27/2026 1:17:59 PM,1324,33532001,9/18/2021 12:00:00 AM,21-291,4D Sedan,800.00,0.00,0.00,0,985.00,0.00,TAN,UNASSIGNED,1,1G8JU54F12Y521909,INSTOCK,AUTO,0.00, ,185.00,0.00,0.00,False,0,False,82305,985.00,2002,Saturn,L-Series,L200,24,,0,,0,0,,1/1/2001 12:00:00 AM,False,,,0.0000,,,,,0,,0,0,,2002 Saturn L-Series  4D Sedan  2.2L I-4 MPI DOHC 2.2L
3/27/2026 1:17:59 PM,4796,33532001,3/6/2026 12:00:00 AM,26098,2D Coupe,1800.00,0.00,0.00,0,2080.00,0.00,WHITE,UNASSIGNED,1,JF1ZNAA19D1707240,INSTOCK,MANUAL,0.00, ,280.00,0.00,0.00,False,0,False,159069,2080.00,2013,Scion,FR-S,Base,13,,0,,0,0,,1/1/2001 12:00:00 AM,False,,,0.0000,,,,,0,,0,0,,2013 Scion FR-S  2D Coupe  2.0L I-4 DI 2.0L
3/27/2026 1:17:59 PM,3176,33532001,6/5/2024 12:00:00 AM,24310,4D Wagon,0.00,0.00,0.00,0,0.00,0.00,BURGUNDY,TRADE IN 3404,3,JTLKT324764040986,INSTOCK,,0.00, ,0.00,0.00,0.00,False,0,False,319245,0.00,2006,Scion,xB,Base,20,,0,,0,0,,1/1/2001 12:00:00 AM,False,,,0.0000,,,,,0,,0,0,,2006 Scion xB  4D Wagon  1.5L I-4 EFI DOHC 1.5L
3/27/2026 1:17:59 PM,4636,33532001,12/28/2025 12:00:00 AM,25624,4D Wagon,0.00,0.00,0.00,0,0.00,0.00,ALUMINUM,TRADE IN 4365,3,JTLZE4FE6CJ000381,INSTOCK,,0.00, ,0.00,0.00,0.00,False,0,False,218595,0.00,2012,Scion,xB,Base,14,,0,,0,0,,1/1/2001 12:00:00 AM,False,,,0.0000,,,,,0,,0,0,,2012 Scion xB  4D Wagon  2.4L I-4 EFI DOHC 2.4L
3/27/2026 1:17:59 PM,1690,33532001,8/22/2022 12:00:00 AM,22-240,4D Sedan,0.00,0.00,0.00,0,0.00,0.00,,TRADE IN 2331,3,JS2RE9A53A6100458,INSTOCK,,0.00, ,0.00,0.00,0.00,False,0,False,191241,0.00,2010,Suzuki,Kizashi,GTS,16,,0,,0,0,,1/1/2001 12:00:00 AM,False,,,0.0000,,,,,0,,0,0,,2010 Suzuki Kizashi  4D Sedan  2.4L I-4 MPI DOHC 2.4L
3/27/2026 1:17:59 PM,2299,33532001,8/10/2023 12:00:00 AM,23-348,4D Sedan 60kWh,15400.00,0.00,0.00,0,15960.00,0.00,GRAY,UNASSIGNED,1,5YJSA1S18EFP30376,INSTOCK,AUTO,0.00, ,560.00,0.00,0.00,False,0,False,113672,15960.00,2014,Tesla,Model S,Base,12,,0,,0,0,,1/1/2001 12:00:00 AM,False,,,0.0000,,,,,0,,0,0,,2014 Tesla Model S  4D Sedan 60kWh  60 kwh Elect 60 kwh
3/27/2026 1:17:59 PM,4830,33532001,3/19/2026 12:00:00 AM,26126,4D Sedan AWD,7000.00,0.00,0.00,0,7475.00,0.00,RED,UNASSIGNED,1,5YJSA1E25HF191868,INSTOCK,AUTO,0.00, ,475.00,0.00,0.00,False,0,False,238509,7475.00,2017,Tesla,Model S,100D,9,,0,,0,0,,1/1/2001 12:00:00 AM,False,,,0.0000,,,,,0,,0,0,,2017 Tesla Model S  4D Sedan AWD  100 kWh Elect 100 kWh
3/27/2026 1:17:59 PM,4813,33532001,3/11/2026 12:00:00 AM,26114,4D Sedan,7200.00,0.00,0.00,0,7625.00,0.00,BLACK,UNASSIGNED,1,5YJSA1E15HF201080,INSTOCK,AUTO,0.00, ,425.00,0.00,0.00,False,0,False,180771,7625.00,2017,Tesla,Model S,75,9,,0,,0,0,,1/1/2001 12:00:00 AM,False,,,0.0000,,,,,0,,0,0,,2017 Tesla Model S  4D Sedan  75 kWh Elect 75 kWh
3/27/2026 1:17:59 PM,1922,33532001,1/13/2023 12:00:00 AM,23-013,4D SUV AWD,25750.00,0.00,0.00,0,26275.00,0.00,WHITE,UNASSIGNED,1,5YJXCBE27GF011763,INSTOCK,AUTO,0.00, ,525.00,0.00,0.00,False,0,False,131603,26275.00,2016,Tesla,Model X,90D,10,,0,,0,0,,1/1/2001 12:00:00 AM,False,,,0.0000,,,,,0,,0,0,,2016 Tesla Model X  4D SUV AWD  90kw Elect 90kw
3/27/2026 1:17:59 PM,2313,33532001,8/17/2023 12:00:00 AM,233-357,4D Sedan,800.00,0.00,0.00,0,800.00,0.00,BLUE,REPO 2696,2,4T1BK36B96U068260,REPO,AUTO,0.00, ,0.00,0.00,0.00,True,0,False,189654,800.00,2006,Toyota,Avalon,XLS,20,,0,,0,0,,1/1/2001 12:00:00 AM,False,,,0.0000,,,,,0,,0,0,,2006 Toyota Avalon  4D Sedan  3.5L V6 EFI DOHC 3.5L
3/27/2026 1:17:59 PM,3449,33532001,9/16/2024 12:00:00 AM,24521,4D Sedan,0.00,0.00,0.00,0,0.00,0.00,BLACK,REPO 3290RFI,2,4T1BK36B06U131021,REPO,AUTO,0.00, ,0.00,0.00,0.00,True,0,False,129313,0.00,2006,Toyota,Avalon,Touring,20,,0,,0,0,,1/1/2001 12:00:00 AM,False,,,0.0000,,,,,0,,0,0,,2006 Toyota Avalon  4D Sedan  3.5L V6 EFI DOHC 3.5L
3/27/2026 1:17:59 PM,2998,33532001,4/19/2024 12:00:00 AM,24205,4D Sedan,2800.00,0.00,0.00,0,3185.00,0.00,BLACK,UNASSIGNED,1,4T1BK36B17U232358,INSTOCK,AUTO,0.00, ,385.00,0.00,0.00,False,0,False,107673,3185.00,2007,Toyota,Avalon,XL,19,,0,,0,0,,1/1/2001 12:00:00 AM,False,,,0.0000,,,,,0,,0,0,,2007 Toyota Avalon  4D Sedan  3.5L V6 EFI DOHC 3.5L
3/27/2026 1:17:59 PM,4784,33532001,3/3/2026 12:00:00 AM,26090,4D Sedan,1900.00,0.00,0.00,0,2320.00,0.00,GRAY,UNASSIGNED,1,4T1BK36BX9U335099,INSTOCK,AUTO,0.00, ,420.00,0.00,0.00,False,0,False,130111,2320.00,2009,Toyota,Avalon,Limited,17,,0,,0,0,,1/1/2001 12:00:00 AM,False,,,0.0000,,,,,0,,0,0,,2009 Toyota Avalon  4D Sedan  3.5L V6 EFI DOHC 3.5L
3/27/2026 1:17:59 PM,3791,33532001,2/6/2025 12:00:00 AM,25036,4D Sedan,1600.00,0.00,0.00,0,1980.00,0.00,WHITE,UNASSIGNED,1,4T1BK3DB3AU361471,INSTOCK,AUTO,0.00, ,380.00,0.00,0.00,False,0,False,271794,1980.00,2010,Toyota,Avalon,Limited,16,,0,,0,0,,1/1/2001 12:00:00 AM,False,,,0.0000,,,,,0,,0,0,,2010 Toyota Avalon  4D Sedan  3.5L V6 EFI DOHC 3.5L
3/27/2026 1:17:59 PM,4338,33532001,7/19/2025 12:00:00 AM,25359,4D Sedan,0.00,0.00,0.00,0,0.00,0.00,ALUMINUM,TRADE IN 4130,3,4T1BE32K94U909939,INSTOCK,,0.00, ,0.00,0.00,0.00,False,0,False,208124,0.00,2004,Toyota,Camry,LE,22,,0,,0,0,,1/1/2001 12:00:00 AM,False,,,0.0000,,,,,0,,0,0,,2004 Toyota Camry  4D Sedan  2.4L I-4 SFI DOHC 2.4L
3/27/2026 1:17:59 PM,2939,33532001,4/4/2024 12:00:00 AM,24170,4D Sedan V6,2400.00,0.00,0.00,0,2735.00,0.00,BLUE,UNASSIGNED,1,4T1BF30KX5U089601,INSTOCK,AUTO,0.00, ,335.00,0.00,0.00,False,0,False,187117,2735.00,2005,Toyota,Camry,XLE,21,,0,,0,0,,1/1/2001 12:00:00 AM,False,,,0.0000,,,,,0,,0,0,,2005 Toyota Camry  4D Sedan V6  3.0L V6 SFI 3.0L
3/27/2026 1:17:59 PM,4163,33532001,7/2/2025 12:00:00 AM,25318,4D Sedan,250.00,0.00,0.00,0,250.00,0.00,BLACK,REPO 3898,2,4T1BE46K58U199928,REPO,AUTO,0.00, ,0.00,0.00,0.00,True,0,False,135123,250.00,2008,Toyota,Camry,CE,18,,0,,0,0,,1/1/2001 12:00:00 AM,False,,,0.0000,,,,,0,,0,0,,2008 Toyota Camry  4D Sedan  2.4L I-4 SFI DOHC 2.4L
3/27/2026 1:17:59 PM,4746,33532001,2/20/2026 12:00:00 AM,26063,4D Sedan,800.00,0.00,0.00,0,1060.00,0.00,GRAY,UNASSIGNED,1,4T1BF3EK2BU693227,INSTOCK,AUTO,0.00, ,260.00,0.00,0.00,False,0,False,271471,1060.00,2011,Toyota,Camry,SE,15,,0,,0,0,,1/1/2001 12:00:00 AM,False,,,0.0000,,,,,0,,0,0,,2011 Toyota Camry  4D Sedan  2.5L I-4 SFI DOHC VVT-i 2
3/27/2026 1:17:59 PM,4807,33532001,3/9/2026 12:00:00 AM,26110,4D Sedan,6200.00,0.00,0.00,0,6200.00,0.00,GRAY,Car Factory Deland,2,JTNB11HK2J3010168,INSTOCK,AUTO,0.00, ,0.00,0.00,0.00,True,0,False,298112,6200.00,2018,Toyota,Camry,LE,8,,0,,0,0,,1/1/2001 12:00:00 AM,False,,,0.0000,,,,,0,,0,0,,2018 Toyota Camry  4D Sedan  2.5L I-4 DI DOHC 2.5L
3/27/2026 1:17:59 PM,4849,33532001,3/27/2026 12:00:00 AM,26139,2D Coupe,1700.00,0.00,0.00,0,1980.00,0.00,BLUE,UNASSIGNED,1,2T1CG22P4YC392836,INSTOCK,AUTO,0.00, ,280.00,0.00,0.00,False,0,False,93141,1980.00,2000,Toyota,Camry Solara,SE,26,,0,,0,0,,1/1/2001 12:00:00 AM,False,,,0.0000,,,,,0,,0,0,,2000 Toyota Camry Solara  2D Coupe  2.2L I-4 EFI 2.2L
3/27/2026 1:17:59 PM,2997,33532001,4/19/2024 12:00:00 AM,24204,4D Sedan,500.00,0.00,0.00,0,615.00,0.00,WHITE,UNASSIGNED,1,1NXBR12E9YZ315988,INSTOCK,AUTO,0.00, ,115.00,0.00,0.00,False,0,False,289603,615.00,2000,Toyota,Corolla,CE,26,,0,,0,0,,1/1/2001 12:00:00 AM,False,,,0.0000,,,,,0,,0,0,,2000 Toyota Corolla  4D Sedan  1.8L I-4 EFI DOHC 1.8L
3/27/2026 1:17:59 PM,4837,33532001,3/20/2026 12:00:00 AM,26132,UT,4300.00,0.00,0.00,0,4640.00,0.00,ALUMINUM,UNASSIGNED,1,JTEEP21A460174212,INSTOCK,AUTO,0.00, ,340.00,0.00,0.00,False,0,False,84782,4640.00,2006,Toyota,Highlander,Limited,20,,0,,0,0,,1/1/2001 12:00:00 AM,False,,,0.0000,,,,,0,,0,0,,2006 Toyota Highlander  4D SUV 4X4 V6  3.3L V6 SFI DOHC 3.3L
3/27/2026 1:17:59 PM,74,33532001,11/3/2015 12:00:00 AM,15-01,4D Hatchback,14200.00,0.00,0.00,0,14750.00,0.00,,UNASSIGNED,1,JTDKN3DU3C1543124,INSTOCK,,0.00, ,550.00,0.00,0.00,False,0,False,45042,14750.00,2012,Toyota,Prius,Base,14,,0,,0,0,,1/1/2001 12:00:00 AM,False,,,0.0000,,,,,2,,0,2,,2012 Toyota Prius  4D Hatchback  1.8L I-4 EFI DOHC Hybrid 
3/27/2026 1:17:59 PM,4851,33532001,3/27/2026 12:00:00 AM,26141,UT,4100.00,0.00,0.00,0,4240.00,0.00,RED,UNASSIGNED,1,JTEGH20V630117919,INSTOCK,AUTO,0.00, ,140.00,0.00,0.00,False,0,False,49871,4240.00,2003,Toyota,RAV4,Base,23,,0,,0,0,,1/1/2001 12:00:00 AM,False,,,0.0000,,,,,0,,0,0,,2003 Toyota RAV4  4D Hardtop FWD  2.0L I-4 EFI DOHC 2.0L
3/27/2026 1:17:59 PM,3583,33532001,11/7/2024 12:00:00 AM,24614,UT,3000.00,0.00,0.00,0,3450.00,0.00,GREEN,UNASSIGNED,1,JTMZD33V765014980,INSTOCK,AUTO,0.00, ,450.00,0.00,0.00,False,0,False,168263,3450.00,2006,Toyota,RAV4,Base,20,,0,,0,0,,1/1/2001 12:00:00 AM,False,,,0.0000,,,,,0,,0,0,,2006 Toyota RAV4  4D Hardtop FWD  2.4L I-4 SFI DOHC 2.4L
3/27/2026 1:17:59 PM,1374,33532001,11/15/2021 12:00:00 AM,21-337,4D SUV RWD,2000.00,0.00,0.00,0,2315.00,0.00,BLACK,UNASSIGNED,1,5TDZT38A94S205364,INSTOCK,AUTO,0.00, ,315.00,0.00,0.00,False,0,False,192459,2315.00,2004,Toyota,Sequoia,Limited,22,,0,,0,0,,1/1/2001 12:00:00 AM,False,,,0.0000,,,,,0,,0,0,,2004 Toyota Sequoia  4D SUV RWD  4.7L V8 SFI DOHC 4.7L
3/27/2026 1:17:59 PM,2301,33532001,7/14/2023 12:00:00 AM,23-297,5D Wagon,0.00,0.00,0.00,0,0.00,0.00,BLUE,TRADE IN 2788,3,5TDZA23C75S291672,INSTOCK,,0.00, ,0.00,0.00,0.00,False,0,False,240150,0.00,2005,Toyota,Sienna,CE,21,,0,,0,0,,1/1/2001 12:00:00 AM,False,,,0.0000,,,,,0,,0,0,,2005 Toyota Sienna  5D Wagon  3.3L V6 MPI DOHC 3.3L
3/27/2026 1:17:59 PM,4852,33532001,3/27/2026 12:00:00 AM,26142,5D Wagon,3000.00,0.00,0.00,0,3340.00,0.00,BLUE,UNASSIGNED,1,5TDZK23C08S100949,INSTOCK,AUTO,0.00, ,340.00,0.00,0.00,False,0,False,163929,3340.00,2008,Toyota,Sienna,LE,18,,0,,0,0,,1/1/2001 12:00:00 AM,False,,,0.0000,,,,,0,,0,0,,2008 Toyota Sienna  5D Wagon  3.5L V6 EFI DOHC 3.5L
3/27/2026 1:17:59 PM,4454,33532001,10/16/2025 12:00:00 AM,25522,Access Cab V6,4100.00,0.00,0.00,0,4440.00,0.00,BLUE,UNASSIGNED,1,5TETU62N05Z013853,INSTOCK,AUTO,0.00, ,340.00,0.00,0.00,False,0,False,214499,4440.00,2005,Toyota,Tacoma,Prerunner SR5,21,,0,,0,0,,1/1/2001 12:00:00 AM,False,,,0.0000,,,,,0,,0,0,,2005 Toyota Tacoma  Access Cab V6  4.0L V6 EFI DOHC 4.0L
3/27/2026 1:17:59 PM,3150,33532001,6/6/2024 12:00:00 AM,24314,,0.00,0.00,0.00,0,0.00,0.00,BLUE,UNASSIGNED,1,3TMJU62N59M071838,INSTOCK,AUTO,0.00, ,0.00,0.00,0.00,False,0,False,263967,0.00,2009,Toyota,Tacoma,Prerunner SR5,17,,0,,0,0,,1/1/2001 12:00:00 AM,False,,,0.0000,,,,,0,,0,0,,2009 Toyota Tacoma  Double Cab V6 at  4.0L V6 EFI DOHC 4.0L
3/27/2026 1:17:59 PM,3830,33532001,2/19/2025 12:00:00 AM,25064,,2438.00,0.00,0.00,0,2438.00,0.00,ALUMINUM,REPO 3797,2,5TBBN44164S434701,REPO,AUTO,0.00, ,0.00,0.00,0.00,True,0,False,200000,2438.00,2004,Toyota,Tundra,SR5,22,,0,,0,0,,1/1/2001 12:00:00 AM,False,,,0.0000,,,,,0,,0,0,,2004 Toyota Tundra  Access Cab 4X4  3.4L V6 EFI DOHC 3.4L
3/27/2026 1:17:59 PM,1904,33532001,12/30/2022 12:00:00 AM,22-408,,5000.00,0.00,0.00,0,5315.00,0.00,BURGUNDY,UNASSIGNED,1,5TFDV541X8X056503,INSTOCK,AUTO,0.00, ,315.00,0.00,0.00,False,0,False,160695,5315.00,2008,Toyota,Tundra,SR5,18,,0,,0,0,,1/1/2001 12:00:00 AM,False,,,0.0000,,,,,0,,0,0,,2008 Toyota Tundra  Crew Max 4WD  5.7L V8 EFI DOHC 5.7L
3/27/2026 1:17:59 PM,1330,33532001,9/28/2021 12:00:00 AM,21-298,,10868.00,0.00,0.00,0,10868.00,0.00,ALUMINUM,UNASSIGNED,1,5TFDV541X8X043248,INSTOCK,AUTO,0.00, ,0.00,0.00,0.00,False,0,False,191983,10868.00,2008,Toyota,Tundra,SR5,18,,0,,0,0,,1/1/2001 12:00:00 AM,False,,,0.0000,,,,,0,,0,0,,2008 Toyota Tundra  Crew Max 4WD  5.7L V8 EFI DOHC 5.7L
3/27/2026 1:17:59 PM,2873,33532001,3/18/2024 12:00:00 AM,24124,Double Cab,4200.00,0.00,0.00,0,4695.00,0.00,BLUE,UNASSIGNED,1,5TFRV541X8X042610,INSTOCK,AUTO,0.00, ,495.00,0.00,0.00,False,0,False,221228,4695.00,2008,Toyota,Tundra,SR5,18,,0,,0,0,,1/1/2001 12:00:00 AM,False,,,0.0000,,,,,0,,0,0,,2008 Toyota Tundra  Double Cab  5.7L V8 EFI DOHC 5.7L
3/27/2026 1:17:59 PM,4770,33532001,2/26/2026 12:00:00 AM,26079,2D Hatchback,1100.00,0.00,0.00,0,1350.00,0.00,BURGUNDY,UNASSIGNED,1,JTDJT4K34A5317875,INSTOCK,AUTO,0.00, ,250.00,0.00,0.00,False,0,False,201592,1350.00,2010,Toyota,Yaris,,16,,0,,0,0,,1/1/2001 12:00:00 AM,False,,,0.0000,,,,,0,,0,0,,2010 Toyota Yaris  2D Hatchback  1.5L I-4 EFI DOHC 1.5L
3/27/2026 1:17:59 PM,3022,33532001,3/30/2024 12:00:00 AM,24157,4D Sedan,0.00,0.00,0.00,0,0.00,0.00,ALUMINUM,TRADE IN 3278,3,3VWEF71K47M184733,INSTOCK,,0.00, ,0.00,0.00,0.00,False,0,False,185124,0.00,2007,Volkswagen,Jetta,Wolfsburg,19,,0,,0,0,,1/1/2001 12:00:00 AM,False,,,0.0000,,,,,0,,0,0,,2007 Volkswagen Jetta  4D Sedan  2.5L I-5 MPI 2.5L
3/27/2026 1:17:59 PM,4818,33532001,3/14/2026 12:00:00 AM,26118,4D Sedan,1700.00,0.00,0.00,0,2050.00,0.00,BLUE,UNASSIGNED,1,3VWDP7AJ6CM329894,INSTOCK,AUTOMATIC,0.00, ,350.00,0.00,0.00,False,0,False,187772,2050.00,2012,Volkswagen,Jetta,SE,14,,0,,0,0,,1/1/2001 12:00:00 AM,False,,,0.0000,,,,,0,,0,0,,2012 Volkswagen Jetta  4D Sedan  2.5L I-5 MPI 2.5L
3/27/2026 1:17:59 PM,4835,33532001,3/20/2026 12:00:00 AM,26130,4D Sedan,3700.00,0.00,0.00,0,4040.00,0.00,GRAY,UNASSIGNED,1,3VWB17AJ3GM410110,INSTOCK,MANUAL,0.00, ,340.00,0.00,0.00,False,0,False,73290,4040.00,2016,Volkswagen,Jetta,Sport,10,,0,,0,0,,1/1/2001 12:00:00 AM,False,,,0.0000,,,,,0,,0,0,,2016 Volkswagen Jetta  4D Sedan  1.8L I-4 DI DOHC T/C 1.8L
3/27/2026 1:17:59 PM,4766,33532001,2/26/2026 12:00:00 AM,26075,4D Sedan 1.8T,2500.00,0.00,0.00,0,2750.00,0.00,ALUMINUM,UNASSIGNED,1,1VWAT7A36FC070622,INSTOCK,AUTO,0.00, ,250.00,0.00,0.00,False,0,False,147309,2750.00,2015,Volkswagen,Passat,S,11,,0,,0,0,,1/1/2001 12:00:00 AM,False,,,0.0000,,,,,0,,0,0,,2015 Volkswagen Passat  4D Sedan 1.8T  1.8L I-4 DI DOHC T/C 1.8L
3/27/2026 1:17:59 PM,4564,33532001,12/11/2025 12:00:00 AM,25603,4D Sedan,3000.00,0.00,0.00,0,3340.00,0.00,GRAY,UNASSIGNED,1,1VWMA7A31LC025148,INSTOCK,AUTO,0.00, ,340.00,0.00,0.00,False,0,False,128619,3340.00,2020,Volkswagen,Passat,R-Line,6,,0,,0,0,,1/1/2001 12:00:00 AM,False,,,0.0000,,,,,0,,0,0,,2020 Volkswagen Passat  4D Sedan  2.0L I-4 DI DOHC T/C 2.0L
