rundate,invrecordno,companyno,purchasedate,stockno,style,cost,totalrepair,writedown,flooramount,totalcost,desiredamountdown,colorexterior,purchasefrom,lotno,vin,status,trans,payment,payperiod,buyersfee,sellprice,cash,paidfor,weight,titlein,currentmiles,netcost,year,make,model,trim,age,doors,floorcost,saledate,fprecordid,location,planname,dateclosed,floor,inspectiondate,deleteddate,backofbook,bbwholesale,nadatradein,gpsdeviceserial,drivetrain,axles,length,slideouts,sleepingcap,brand,invdesc,
3/28/2026 2:12:05 AM,4030,33532002,5/2/2025 12:00:00 AM,25201,2D Hatchback,1000.00,0.00,0.00,0,1000.00,0.00,ALUMINUM,Car Factory,1,JH4DC4467WS017419,INSTOCK,AUTO,0.00, ,0.00,0.00,0.00,True,0,False,178036,1000.00,1998,Acura,Integra,GS,28,,0,,0,2,,1/1/2001 12:00:00 AM,False,,,0.0000,,,,,0,,0,0,,1998 Acura Integra  2D Hatchback  1.8L I-4 EFI DOHC 1.8L
3/28/2026 2:12:05 AM,3951,33532002,4/5/2025 12:00:00 AM,25117,4D Sedan,1.00,0.00,0.00,0,1.00,0.00,ALUMINUM,Car Factory,2,19UUA86289A002058,INSTOCK,AUTO,0.00, ,0.00,0.00,0.00,False,0,False,198037,1.00,2009,Acura,TL,Base,17,,0,,0,2,,1/1/2001 12:00:00 AM,False,,,0.0000,,,,,0,,0,0,,2009 Acura TL  4D Sedan  3.5L V6 PGM-FI SOHC VTEC 
3/28/2026 2:12:05 AM,3368,33532002,8/22/2024 12:00:00 AM,24466,4D Sedan 2.0t,3500.00,0.00,0.00,0,3500.00,0.00,BLACK,Car Factory,1,WAUAFAFL5DN043118,INSTOCK,AUTO,0.00, ,0.00,0.00,0.00,True,0,False,138851,3500.00,2013,Audi,A4,Premium,13,,0,,0,2,,1/1/2001 12:00:00 AM,False,,,0.0000,,,,,0,,0,0,,2013 Audi A4  4D Sedan 2.0t  2.0L I-4 DI DOHC T/C 2.0L
3/28/2026 2:12:05 AM,2881,33532002,3/7/2024 12:00:00 AM,24130,2D Convertible,6500.00,0.00,0.00,0,6500.00,0.00,BLUE,REPO 3069,2,WBAWL73507PX50594,REPO,AUTO,0.00, ,0.00,0.00,0.00,True,0,False,165020,6500.00,2007,BMW,3-Series,335i,19,,0,,0,2,,1/1/2001 12:00:00 AM,False,,,0.0000,,,,,0,,0,0,,2007 BMW 3-Series  2D Convertible  3.0L I-6 DI DOHC T/C 3.0L
3/28/2026 2:12:05 AM,4053,33532002,5/3/2025 12:00:00 AM,25216,2D Convertible,0.00,0.00,0.00,0,0.00,0.00,BLUE,TRADE IN 4018,3,WBAWL73579P179186,INSTOCK,AUTOMATIC,0.00, ,0.00,0.00,0.00,False,0,False,119194,0.00,2009,BMW,3-Series,335i,17,,0,,0,2,,1/1/2001 12:00:00 AM,False,,,0.0000,,,,,0,,0,0,,2009 BMW 3-Series  2D Convertible  3.0L I-6 DI DOHC T/C 3.0L
3/28/2026 2:12:05 AM,4670,33532002,1/21/2026 12:00:00 AM,26007,2D Coupe,4400.00,0.00,0.00,0,4790.00,0.00,WHITE,UNASSIGNED,1,WBAKG7C56BE263889,INSTOCK,AUTO,0.00, ,390.00,0.00,0.00,False,0,False,177810,4790.00,2011,BMW,3-Series,335i,15,,0,,0,2,,1/1/2001 12:00:00 AM,False,,,0.0000,,,,,0,,0,0,,2011 BMW 3-Series  2D Coupe  3.0L I-6 DI DOHC T/C 3.0L
3/28/2026 2:12:05 AM,3609,33532002,11/19/2024 12:00:00 AM,24637,4D SAV 3.0si,0.00,0.00,0.00,0,0.00,0.00,BLACK,REPO 3460,2,5UXFE43547L014162,REPO,AUTOMATIC,0.00, ,0.00,0.00,0.00,True,0,False,1,0.00,2007,BMW,X5,,19,,0,,0,2,,1/1/2001 12:00:00 AM,False,,,0.0000,,,,AWD,0,,0,0,,2007 BMW X5  4D SAV 3.0si  3.0L I-6 EFI DOHC 3.0L
3/28/2026 2:12:05 AM,3922,33532002,3/27/2025 12:00:00 AM,25108,4D Sedan,1050.00,0.00,0.00,0,1050.00,0.00,PURPLE,Car Factory,1,2G4WS52M5W1433288,INSTOCK,AUTO,0.00, ,0.00,0.00,0.00,True,0,False,1,1050.00,1998,Buick,Century,Custom,28,,0,,0,2,,1/1/2001 12:00:00 AM,False,,,0.0000,,,,,0,,0,0,,1998 Buick Century  4D Sedan  3.1L V6 SFI 3.1L
3/28/2026 2:12:05 AM,3746,33532002,1/9/2025 12:00:00 AM,24710,4D Sedan AWD 2.0t,0.00,0.00,0.00,0,0.00,0.00,BLACK,TRADE IN 3798,3,1G6AG5RX7E0163008,INSTOCK,AUTOMATIC,0.00, ,0.00,0.00,0.00,False,0,False,140783,0.00,2014,Cadillac,ATS,Base,12,,0,,0,2,,1/1/2001 12:00:00 AM,False,,,0.0000,,,,,0,,0,0,,2014 Cadillac ATS  4D Sedan AWD 2.0t  2.0L I-4 DI DOHC T/C 2.0L
3/28/2026 2:12:05 AM,4827,33532002,3/18/2026 12:00:00 AM,26123,2D Coupe,3020.00,0.00,0.00,0,3020.00,0.00,BROWN,Car Factory,1,1G6DA1E37C0130971,INSTOCK,AUTO,0.00, ,0.00,0.00,0.00,True,0,False,105579,3020.00,2012,Cadillac,CTS,3.6,14,,0,,0,2,,1/1/2001 12:00:00 AM,False,,,0.0000,,,,,0,,0,0,,2012 Cadillac CTS  2D Coupe  3.6L V6 DI DOHC 3.6L
3/28/2026 2:12:05 AM,2417,33532002,9/30/2023 12:00:00 AM,23016,UT,2535.00,0.00,0.00,0,2535.00,0.00,ALUMINUM,Car Factory Deland,1,3GYFNAEY0BS611894,INSTOCK,AUTO,0.00, ,0.00,0.00,0.00,True,0,False,199420,2535.00,2011,Cadillac,SRX,Luxury,15,,0,,0,2,,1/1/2001 12:00:00 AM,False,,,0.0000,,,,,0,,0,0,,2011 Cadillac SRX  4D SUV FWD  3.0L V6 SIDI DOHC 3.0L
3/28/2026 2:12:05 AM,4491,33532002,11/5/2025 12:00:00 AM,25550,2D SUV RWD,1675.00,0.00,0.00,0,1675.00,0.00,RED,Car Factory,1,1GNCS18W51K213965,INSTOCK,AUTOMATIC,0.00, ,0.00,0.00,0.00,True,0,False,195419,1675.00,2001,Chevrolet,Blazer,Xtreme,25,,0,,0,2,,1/1/2001 12:00:00 AM,False,,,0.0000,,,,,0,,0,0,,2001 Chevrolet Blazer  2D SUV RWD  4.3L V6 CPI 4.3L
3/28/2026 2:12:05 AM,4600,33532002,1/2/2026 12:00:00 AM,25634,2D Coupe S/C,0.00,0.00,0.00,0,0.00,0.00,BLUE,Car Factory,3,1G1AP18P477162926,INSTOCK,,0.00, ,0.00,0.00,0.00,True,0,False,258124,0.00,2007,Chevrolet,Cobalt,SS,19,,0,,0,2,,1/1/2001 12:00:00 AM,False,,,0.0000,,,,,0,,0,0,,2007 Chevrolet Cobalt  2D Coupe S/C  2.0L I-4 MPI DOHC S/C 2.0
3/28/2026 2:12:05 AM,4337,33532002,8/28/2025 12:00:00 AM,25435,4D Sedan,2000.00,0.00,0.00,0,2000.00,0.00,GRAY,Car Factory,1,2G1WF52E029121627,INSTOCK,AUTO,0.00, ,0.00,0.00,0.00,True,0,False,110849,2000.00,2002,Chevrolet,Impala,Base,24,,0,,0,2,,1/1/2001 12:00:00 AM,False,,,0.0000,,,,,0,,0,0,,2002 Chevrolet Impala  4D Sedan  3.4L V6 SFI 3.4L
3/28/2026 2:12:05 AM,4029,33532002,5/2/2025 12:00:00 AM,25200,4D Sedan,2110.00,0.00,0.00,0,2110.00,0.00,RED,Car Factory,1,2G1WF5E36D1133342,INSTOCK,AUTO,0.00, ,0.00,0.00,0.00,True,0,False,200523,2110.00,2013,Chevrolet,Impala,LS,13,,0,,0,2,,1/1/2001 12:00:00 AM,False,,,0.0000,,,,,0,,0,0,,2013 Chevrolet Impala  4D Sedan  3.6L V6 SIDI DOHC Flex 3.
3/28/2026 2:12:05 AM,3015,33532002,4/22/2024 12:00:00 AM,24214,4D Sedan,700.00,0.00,0.00,0,700.00,0.00,BLACK,REPO 3158,2,1G1ZE5ST8GF340381,REPO,AUTO,0.00, ,0.00,0.00,0.00,True,0,False,161145,700.00,2016,Chevrolet,Malibu,LT,10,,0,,0,2,,1/1/2001 12:00:00 AM,False,,,0.0000,,,,,0,,0,0,,2016 Chevrolet Malibu  4D Sedan  1.5L I-4 DI DOHC T/C 1.5L
3/28/2026 2:12:05 AM,3212,33532002,6/15/2024 12:00:00 AM,24272,Ext Cab 3D,0.00,0.00,0.00,0,0.00,0.00,GRAY,TRADE IN 3367,3,2GCEC19V1Y1224900,INSTOCK,AUTOMATIC,0.00, ,0.00,0.00,0.00,False,0,False,380136,0.00,2000,Chevrolet,Silverado 1500,Base,26,,0,,0,2,,1/1/2001 12:00:00 AM,False,,,0.0000,,,,RWD,0,,0,0,,2000 Chevrolet Silverado 1500  Ext Cab 3D  4.8L V8 SFI 4.8L
3/28/2026 2:12:05 AM,4788,33532002,3/4/2026 12:00:00 AM,26085,Ext Cab 4WD 4D,5000.00,0.00,0.00,0,5000.00,0.00,TAN,Car Factory,2,2GCEK19T131211624,INSTOCK,AUTO,0.00, ,0.00,0.00,0.00,True,0,False,322614,5000.00,2003,Chevrolet,Silverado 1500,LS,23,,0,,0,2,,1/1/2001 12:00:00 AM,False,,,0.0000,,,,,0,,0,0,,2003 Chevrolet Silverado 1500  Ext Cab 4WD 4D  5.3L V8 SFI 5.3L
3/28/2026 2:12:05 AM,4724,33532002,2/12/2026 12:00:00 AM,26028,UT,2400.00,0.00,0.00,0,2730.00,0.00,BLACK,UNASSIGNED,1,3GNCJLSB1GL120131,INSTOCK,AUTO,0.00, ,330.00,0.00,0.00,False,0,False,157567,2730.00,2016,Chevrolet,Trax,LT,10,,0,,0,2,,1/1/2001 12:00:00 AM,False,,,0.0000,,,,,0,,0,0,,2016 Chevrolet Trax  4D SUV FWD  1.4L I-4 MFI DOHC T/C 1.4
3/28/2026 2:12:05 AM,4117,33532002,6/13/2025 12:00:00 AM,25240,4D Sedan,3680.00,0.00,0.00,0,3680.00,0.00,WHITE,Car Factory,1,2B3CL3CG0BH552595,INSTOCK,AUTO,0.00, ,0.00,0.00,0.00,True,0,False,154556,3680.00,2011,Dodge,Charger,Base,15,,0,,0,2,,1/1/2001 12:00:00 AM,False,,,0.0000,,,,,0,,0,0,,2011 Dodge Charger  4D Sedan  3.6L V6 MPI DOHC VVT Flex
3/28/2026 2:12:05 AM,4646,33532002,1/15/2026 12:00:00 AM,25665,4D Sedan,900.00,0.00,0.00,0,900.00,0.00,ALUMINUM,Car Factory,1,1B3ES56C23D181986,INSTOCK,MANUAL,0.00, ,0.00,0.00,0.00,True,0,False,220012,900.00,2003,Dodge,Neon,SXT,23,,0,,0,2,,1/1/2001 12:00:00 AM,False,,,0.0000,,,,,0,,0,0,,2003 Dodge Neon  4D Sedan  2.0L I-4 SFI SOHC 2.0L
3/28/2026 2:12:05 AM,3162,33532002,6/10/2024 12:00:00 AM,24289,Quad Cab 4WD,0.00,0.00,0.00,0,0.00,0.00,,TRADE IN 3392,3,1D7HU18D33S341640,INSTOCK,AUTOMATIC,0.00, ,0.00,0.00,0.00,False,0,False,168710,0.00,2003,Dodge,Ram 1500,SLT,23,,0,,0,2,,1/1/2001 12:00:00 AM,False,,,0.0000,,,,,0,,0,0,,2003 Dodge Ram 1500  Quad Cab 4WD  5.7L V8 MPI 5.7L
3/28/2026 2:12:05 AM,4828,33532002,3/18/2026 12:00:00 AM,26124,Ext Cargo Van,3600.00,0.00,0.00,0,3600.00,0.00,WHITE,Car Factory,1,1FTSS34P25HA06967,INSTOCK,AUTO,0.00, ,0.00,0.00,0.00,True,0,False,125747,3600.00,2005,Ford,E350 Vans,Econoline,21,,0,,0,2,,1/1/2001 12:00:00 AM,False,,,0.0000,,,,,0,,0,0,,2005 Ford E350 Vans  Ext Cargo Van  6.0L V8 DI DSL T/C 6.0L
3/28/2026 2:12:05 AM,4845,33532002,3/6/2026 12:00:00 AM,26095,4D SUV FWD,0.00,0.00,0.00,0,0.00,0.00,WHITE,TRADE IN 4501,3,2FMDK39C58BB11563,INSTOCK,AUTOMATIC,0.00, ,0.00,0.00,0.00,False,0,False,249456,0.00,2008,Ford,Edge,Limited,18,,0,,0,2,,1/1/2001 12:00:00 AM,False,,,0.0000,,,,,0,,0,0,,2008 Ford Edge  4D SUV FWD  3.5L V6 SFI DOHC 24V 3.5L
3/28/2026 2:12:05 AM,4677,33532002,1/24/2026 12:00:00 AM,26011,UT,3000.00,0.00,0.00,0,3000.00,0.00,ALUMINUM,UNASSIGNED,1,1FMCU9J94GUC46440,INSTOCK,AUTO,0.00, ,0.00,0.00,0.00,False,0,False,187366,3000.00,2016,Ford,Escape,Titanium,10,,0,,0,2,,1/1/2001 12:00:00 AM,False,,,0.0000,,,,,0,,0,0,,2016 Ford Escape  4D SUV 4WD  2.0L I-4 DI T/C Ecoboost 
3/28/2026 2:12:05 AM,2925,33532002,4/1/2024 12:00:00 AM,24158,4D SUV RWD,3500.00,0.00,0.00,0,3500.00,0.00,MULTICOLOR,Car Factory,1,1FMFU17L24LB15932,INSTOCK,AUTO,0.00, ,0.00,0.00,0.00,True,0,False,187084,3500.00,2004,Ford,Expedition,Eddie Bauer,22,,0,,0,2,,1/1/2001 12:00:00 AM,False,,,0.0000,,,,,0,,0,0,,2004 Ford Expedition  4D SUV RWD  5.4L V8 EFI SOHC 5.4L
3/28/2026 2:12:05 AM,4511,33532002,11/14/2025 12:00:00 AM,25553,4D SUV 4WD,4500.00,0.00,0.00,0,4500.00,0.00,BLACK,REPO 3662,2,1FMJK1J56EEF51036,REPO,AUTOMATIC,0.00, ,0.00,0.00,0.00,True,0,False,228123,4500.00,2014,Ford,Expedition EL,XLT,12,,0,,0,2,,1/1/2001 12:00:00 AM,False,,,0.0000,,,,,0,,0,0,,2014 Ford Expedition EL  4D SUV 4WD  5.4L V8 SOHC Flex 5.4L
3/28/2026 2:12:05 AM,4592,33532002,12/29/2025 12:00:00 AM,25610,Supercrew 4WD,2500.00,0.00,0.00,0,2500.00,0.00,ALUMINUM,REPO 4014,2,1FTRW14W44KC45839,REPO,AUTO,0.00, ,0.00,0.00,0.00,True,0,False,334123,2500.00,2004,Ford,F150,XLT,22,,0,,0,2,,1/1/2001 12:00:00 AM,False,,,0.0000,,,,,0,,0,0,,2004 Ford F150  Supercrew 4WD  4.6L V8 EFI SOHC 4.6L
3/28/2026 2:12:05 AM,4748,33532002,2/2/2026 12:00:00 AM,26032,Supercrew 4WD,2500.00,0.00,0.00,0,2500.00,0.00,GRAY,REPO 3920,2,1FTPW14547FA21465,REPO,AUTOMATIC,0.00, ,0.00,0.00,0.00,True,0,False,200000,2500.00,2007,Ford,F150,FX4,19,,0,,0,2,,1/1/2001 12:00:00 AM,False,,,0.0000,,,,,0,,0,0,,2007 Ford F150  Supercrew 4WD  5.4L V8 EFI SOHC 5.4L
3/28/2026 2:12:05 AM,3512,33532002,10/4/2024 12:00:00 AM,24551,Supercab 4WD,4105.00,0.00,0.00,0,4105.00,0.00,WHITE,Car Factory,1,1FTNX21S8XEC42139,INSTOCK,AUTO,0.00, ,0.00,0.00,0.00,True,0,False,361467,4105.00,1999,Ford,F250SD,Lariat,27,,0,,0,2,,1/1/2001 12:00:00 AM,False,,,0.0000,,,,,0,,0,0,,1999 Ford F250SD  Supercab 4WD  6.8L V10 EFI SOHC 6.8L
3/28/2026 2:12:05 AM,4559,33532002,12/11/2025 12:00:00 AM,25579,Crew Cab 4WD,6040.00,0.00,0.00,0,6040.00,0.00,BLACK,Car Factory,1,3FTNW21F51MA75410,INSTOCK,AUTO,0.00, ,0.00,0.00,0.00,True,0,False,252572,6040.00,2001,Ford,F250SD,XL,25,,0,,0,2,,1/1/2001 12:00:00 AM,False,,,0.0000,,,,,0,,0,0,,2001 Ford F250SD  Crew Cab 4WD  7.3L V8 DI DSL T/C 7.3L
3/28/2026 2:12:05 AM,2894,33532002,2/24/2024 12:00:00 AM,24139,4D SUV RWD,0.00,0.00,0.00,0,0.00,0.00,WHITE,REPO 2998,2,1FTWW30PX7EB09568,REPO,,0.00, ,0.00,0.00,0.00,True,0,False,200000,0.00,2007,Ford,F350SD,Eddie Bauer,19,,0,,0,2,,1/1/2001 12:00:00 AM,False,,,0.0000,,,,,0,,0,0,,2007 Ford F350SD  Crew Cab  6.0L V8 FI TDsl 6.0L
3/28/2026 2:12:05 AM,4032,33532002,4/21/2025 12:00:00 AM,25202,UT,2548.00,0.00,0.00,0,2548.00,0.00,BLUE,REPO 3560,2,2FMGK5C81DBD16319,REPO,,0.00, ,0.00,0.00,0.00,True,0,False,231295,2548.00,2013,Ford,Flex,SEL,13,,0,,0,2,,1/1/2001 12:00:00 AM,False,,,0.0000,,,,,0,,0,0,,2013 Ford Flex  4D SUV FWD  3.5L V6 SMPI Ti-VCT 3.5L
3/28/2026 2:12:05 AM,4638,33532002,1/1/2026 12:00:00 AM,25745,4D SUV FWD,2700.00,0.00,0.00,0,2700.00,0.00,BURGUNDY,REPO 4251,2,1FMZK03146GA37313,REPO,AUTOMATIC,0.00, ,0.00,0.00,0.00,True,0,False,200000,2700.00,2006,Ford,Freestyle,Limited,20,,0,,0,2,,1/1/2001 12:00:00 AM,False,,,0.0000,,,,,0,,0,0,,2006 Ford Freestyle  4D SUV FWD  3.0L V6 EFI 4V 3.0L
3/28/2026 2:12:05 AM,4497,33532002,11/9/2025 12:00:00 AM,25551,UT,2000.00,0.00,0.00,0,2000.00,0.00,RED,REPO 3569,2,1FMZK02156GA51335,REPO,,0.00, ,0.00,0.00,0.00,True,0,False,180000,2000.00,2006,Ford,Freestyle,SEL,20,,0,,0,2,,1/1/2001 12:00:00 AM,False,,,0.0000,,,,,0,,0,0,,2006 Ford Freestyle  4D SUV FWD  3.0L V6 EFI 4V 3.0L
3/28/2026 2:12:05 AM,3472,33532002,9/25/2024 12:00:00 AM,24537,Reg Cab,0.00,0.00,0.00,0,0.00,0.00,RED,Car Factory,3,1FTCR10AXVPA73053,INSTOCK,AUTO,0.00, ,0.00,0.00,0.00,True,0,False,339573,0.00,1997,Ford,Ranger,XL,29,,0,,0,2,,1/1/2001 12:00:00 AM,False,,,0.0000,,,,,0,,0,0,,1997 Ford Ranger  Reg Cab  2.3L I-4 EFI 2.3L
3/28/2026 2:12:05 AM,4471,33532002,10/23/2025 12:00:00 AM,25530,Supercab,0.00,0.00,0.00,0,0.00,0.00,RED,TRADE IN 4266,3,1FTYR14V8XPB11109,INSTOCK,AUTOMATIC,0.00, ,0.00,0.00,0.00,False,0,False,192139,0.00,1999,Ford,Ranger,XLT,27,,0,,0,2,,1/1/2001 12:00:00 AM,False,,,0.0000,,,,,0,,0,0,,1999 Ford Ranger  Supercab  3.0L V6 EFI Flex Fuel 3.0
3/28/2026 2:12:05 AM,4434,33532002,10/10/2025 12:00:00 AM,25515,4D SUV FWD,0.00,0.00,0.00,0,0.00,0.00,BLUE (LIGHT),TRADE IN 4251,1,2GKALMEK6D6225554,INSTOCK,AUTOMATIC,0.00, ,0.00,0.00,0.00,False,0,False,117362,0.00,2013,GMC,Terrain,SLE,13,,0,,0,2,,1/1/2001 12:00:00 AM,False,,10/10/2025 12:00:00 AM,0.0000,,,,,0,,0,0,,2013 GMC Terrain  4D SUV FWD  2.4L I-4 SIDI DOHC Flex 2
3/28/2026 2:12:05 AM,4605,33532002,1/4/2026 12:00:00 AM,25636,UT,4000.00,0.00,0.00,0,4000.00,0.00,BLACK,REPO 4247,2,1GKS1AE06BR350787,REPO,AUTO,0.00, ,0.00,0.00,0.00,True,0,False,204047,4000.00,2011,GMC,Yukon,SLE,15,,0,,0,2,,1/1/2001 12:00:00 AM,False,,,0.0000,,,,,0,,0,0,,2011 GMC Yukon  4D SUV RWD  5.3L V8 SFI Flex 5.3L
3/28/2026 2:12:05 AM,3575,33532002,10/21/2024 12:00:00 AM,24589,4D SUV RWD,0.00,0.00,0.00,0,0.00,0.00,,TRADE IN 3680,3,1GKFC16J98J198689,INSTOCK,,0.00, ,0.00,0.00,0.00,False,0,False,283600,0.00,2008,GMC,Yukon XL,1500 SLE,18,,0,,0,2,,1/1/2001 12:00:00 AM,False,,,0.0000,,,,,0,,0,0,,2008 GMC Yukon XL  4D SUV RWD  5.3L V8 SFI 5.3L
3/28/2026 2:12:05 AM,2844,33532002,2/8/2024 12:00:00 AM,24051,,0.00,0.00,0.00,0,0.00,0.00,RED,TRADE IN 3169,3,1HD1CGP10WY208570,INSTOCK,5 SPEED MANUAL,0.00, ,0.00,0.00,0.00,False,0,False,41050,0.00,1998,HARLEY DAVIDSON,SPORTSTER,1200,28,,0,,0,2,,1/1/2001 12:00:00 AM,False,,,0.0000,,,,RWD,0,,0,0,,1998 HARLEY DAVIDSON SPORTSTER
3/28/2026 2:12:05 AM,3923,33532002,3/28/2025 12:00:00 AM,25109,4D Sedan,1640.00,0.00,0.00,0,1640.00,0.00,ALUMINUM,Car Factory,1,1HGCG564XXA052788,INSTOCK,AUTO,0.00, ,0.00,0.00,0.00,True,0,False,194187,1640.00,1999,Honda,Accord,LX,27,,0,,0,2,,1/1/2001 12:00:00 AM,False,,,0.0000,,,,,0,,0,0,,1999 Honda Accord  4D Sedan  2.3L I-4 EFI SOHC 2.3L
3/28/2026 2:12:05 AM,4465,33532002,10/24/2025 12:00:00 AM,25532,4D Sedan,2230.00,0.00,0.00,0,2230.00,0.00,GREEN,Car Factory,1,1HGCP26759A146525,INSTOCK,AUTO,0.00, ,0.00,0.00,0.00,True,0,False,128073,2230.00,2009,Honda,Accord,EX,17,,0,,0,2,,1/1/2001 12:00:00 AM,False,,,0.0000,,,,,0,,0,0,,2009 Honda Accord  4D Sedan  2.4L I-4 MPI DOHC 2.4L
3/28/2026 2:12:05 AM,4816,33532002,3/13/2026 12:00:00 AM,26099,2D Coupe V6,2700.00,0.00,0.00,0,3030.00,0.00,WHITE,UNASSIGNED,1,1HGCS2B84CA007460,INSTOCK,AUTO,0.00, ,330.00,0.00,0.00,False,0,False,230355,3030.00,2012,Honda,Accord,EX-L,14,,0,,0,2,,1/1/2001 12:00:00 AM,False,,,0.0000,,,,,0,,0,0,,2012 Honda Accord  2D Coupe V6  3.5L V6 MPI SOHC VTEC 3.5
3/28/2026 2:12:05 AM,4761,33532002,2/25/2026 12:00:00 AM,26071,4D Sedan,3600.00,0.00,0.00,0,3600.00,0.00,WHITE,Car Factory,2,1HGCR2F37EA214096,INSTOCK,AUTO,0.00, ,0.00,0.00,0.00,True,0,False,216527,3600.00,2014,Honda,Accord,LX,12,,0,,0,2,,1/1/2001 12:00:00 AM,False,,,0.0000,,,,,0,,0,0,,2014 Honda Accord  4D Sedan  2.4L I-4 DI DOHC 2.4L
3/28/2026 2:12:05 AM,2849,33532002,3/6/2024 12:00:00 AM,24102,4D Sedan,970.00,0.00,0.00,0,970.00,0.00,BLUE,Car Factory,1,2HGES25721H533077,INSTOCK,MANUAL,0.00, ,0.00,0.00,0.00,True,0,False,224135,970.00,2001,Honda,Civic,EX,25,,0,,0,2,,1/1/2001 12:00:00 AM,False,,,0.0000,,,,,0,,0,0,,2001 Honda Civic  4D Sedan  1.7L I-4 MPI SOHC 1.7L
3/28/2026 2:12:05 AM,4810,33532002,3/11/2026 12:00:00 AM,26096,4D Sedan,2850.00,0.00,0.00,0,2850.00,0.00,BLUE,Car Factory,1,2HGFA16507H513224,INSTOCK,,0.00, ,0.00,0.00,0.00,True,0,False,66065,2850.00,2007,Honda,Civic,LX,19,,0,,0,2,,1/1/2001 12:00:00 AM,False,,,0.0000,,,,,0,,0,0,,2007 Honda Civic  4D Sedan  1.8L I-4 MPI SOHC 1.8L
3/28/2026 2:12:05 AM,2901,33532002,3/27/2024 12:00:00 AM,24142,UT,2000.00,0.00,0.00,0,2000.00,0.00,BLUE,Car Factory,2,1HGFA16568L006901,INSTOCK,AUTO,0.00, ,0.00,0.00,0.00,True,0,False,259421,2000.00,2008,Honda,Civic,Touring,18,,0,,0,2,,1/1/2001 12:00:00 AM,False,,,0.0000,,,,,0,,0,0,,2008 Honda Civic  4D Sedan  1.8L I-4 MPI SOHC 1.8L
3/28/2026 2:12:05 AM,4280,33532002,7/14/2025 12:00:00 AM,25339,UT,0.00,0.00,0.00,0,0.00,0.00,ALUMINUM,TRADE IN 4116,3,JHLRD78814C031635,INSTOCK,AUTOMATIC,0.00, ,0.00,0.00,0.00,False,0,False,178812,0.00,2004,Honda,CR-V,EX,22,,0,,0,2,,1/1/2001 12:00:00 AM,False,,,0.0000,,,,,0,,0,0,,2004 Honda CR-V  4D SUV 4WD  2.4L I-4 MPI DOHC 2.4L
3/28/2026 2:12:05 AM,4707,33532002,1/31/2026 12:00:00 AM,26020,4D SUV 4WD,1200.00,0.00,0.00,0,1200.00,0.00,ALUMINUM,REPO 4022,2,5J6RE48777L816143,REPO,AUTO,0.00, ,0.00,0.00,0.00,True,0,False,200000,1200.00,2007,Honda,CR-V,EX-L,19,,0,,0,2,,1/1/2001 12:00:00 AM,False,,,0.0000,,,,,0,,0,0,,2007 Honda CR-V  4D SUV 4WD  2.4L I-4 MPI DOHC 2.4L
3/28/2026 2:12:05 AM,4663,33532002,1/20/2026 12:00:00 AM,26005,4D SUV FWD,3000.00,0.00,0.00,0,3000.00,0.00,GRAY,Car Factory,2,3CZRE38388G704778,INSTOCK,AUTO,0.00, ,0.00,0.00,0.00,True,0,False,233109,3000.00,2008,Honda,CR-V,LX,18,,0,,0,2,,1/1/2001 12:00:00 AM,False,,,0.0000,,,,,0,,0,0,,2008 Honda CR-V  4D SUV FWD  2.4L I-4 MPI DOHC 2.4L
3/28/2026 2:12:05 AM,2715,33532002,1/19/2024 12:00:00 AM,23652,4D Hatchback,3295.00,0.00,0.00,0,3295.00,0.00,GRAY,REPO 3041,2,JHMGE88479S010630,REPO,AUTO,0.00, ,0.00,0.00,0.00,True,0,False,245899,3295.00,2009,Honda,Fit,Sport,17,,0,,0,2,,1/1/2001 12:00:00 AM,False,,,0.0000,,,,,0,,0,0,,2009 Honda Fit  4D Hatchback  1.5L I-4 MPI SOHC VTEC 1.
3/28/2026 2:12:05 AM,4812,33532002,3/11/2026 12:00:00 AM,26098,4D Hatchback,3290.00,0.00,0.00,0,3290.00,0.00,BLACK,Car Factory,1,3HGGK5H53FM725797,INSTOCK,AUTO,0.00, ,0.00,0.00,0.00,True,0,False,198745,3290.00,2015,Honda,Fit,LX,11,,0,,0,2,,1/1/2001 12:00:00 AM,False,,,0.0000,,,,,0,,0,0,,2015 Honda Fit  4D Hatchback  1.5L I-4 DI DOHC 1.5L
3/28/2026 2:12:05 AM,4791,33532002,3/6/2026 12:00:00 AM,26088,4D Sedan,2500.00,0.00,0.00,0,2500.00,0.00,WHITE,Car Factory,2,5NPDH4AE8GH789796,INSTOCK,AUTO,0.00, ,0.00,0.00,0.00,True,0,False,173123,2500.00,2016,Hyundai,Elantra,SE,10,,0,,0,2,,1/1/2001 12:00:00 AM,False,,,0.0000,,,,,0,,0,0,,2016 Hyundai Elantra  4D Sedan  1.8L I-4 MPI DOHC 1.8L
3/28/2026 2:12:05 AM,4840,33532002,3/21/2026 12:00:00 AM,26128,4D Sedan,4290.00,0.00,0.00,0,4290.00,0.00,PURPLE,Car Factory,1,KMHGN4JE0FU034101,INSTOCK,AUTO,0.00, ,0.00,0.00,0.00,True,0,False,158919,4290.00,2015,Hyundai,Genesis,3.8L V6,11,,0,,0,2,,1/1/2001 12:00:00 AM,False,,,0.0000,,,,,0,,0,0,,2015 Hyundai Genesis  4D Sedan  3.8L V6 DI DOHC CVVT 3.8L
3/28/2026 2:12:05 AM,4826,33532002,3/18/2026 12:00:00 AM,26122,4D Sedan 2.4,2290.00,0.00,0.00,0,2290.00,0.00,ALUMINUM,Car Factory,1,5NPEB4AC6BH053033,INSTOCK,AUTO,0.00, ,0.00,0.00,0.00,True,0,False,178289,2290.00,2011,Hyundai,Sonata,GLS,15,,0,,0,2,,1/1/2001 12:00:00 AM,False,,,0.0000,,,,,0,,0,0,,2011 Hyundai Sonata  4D Sedan 2.4  2.4L I-4 DI DOHC 2.4L
3/28/2026 2:12:05 AM,4529,33532002,12/1/2025 12:00:00 AM,25569,UT,2000.00,0.00,0.00,0,2000.00,0.00,BLACK,REPO 3924,2,KM8NU4CC1CU180542,REPO,AUTO,0.00, ,0.00,0.00,0.00,True,0,False,231125,2000.00,2012,Hyundai,Veracruz,Limited,14,,0,,0,2,,1/1/2001 12:00:00 AM,False,,,0.0000,,,,,0,,0,0,,2012 Hyundai Veracruz  4D SUV FWD  3.8L V6 MPI DOHC 3.8L
3/28/2026 2:12:05 AM,3635,33532002,3/15/2024 12:00:00 AM,24648,4D Sedan,2132.00,0.00,0.00,0,2132.00,0.00,GRAY,REPO 2915,2,JNKBV61E67M708620,REPO,AUTO,0.00, ,0.00,0.00,0.00,True,0,False,220000,2132.00,2007,INFINITI,G35,Base,19,,0,,0,2,,1/1/2001 12:00:00 AM,False,,,0.0000,,,,,0,,0,0,,2007 INFINITI G35  4D Sedan  3.5L V6 DOHC 3.5L
3/28/2026 2:12:05 AM,3686,33532002,10/15/2024 12:00:00 AM,24680,2D Coupe,2161.00,0.00,0.00,0,2161.00,0.00,GRAY,REPO 3353,2,JNKCV64EX8M116509,REPO,AUTO,0.00, ,0.00,0.00,0.00,True,0,False,145023,2161.00,2008,INFINITI,G37,Base,18,,0,,0,2,,1/1/2001 12:00:00 AM,False,,,0.0000,,,,,0,,0,0,,2008 INFINITI G37  2D Coupe  3.7L V6 SFI DOHC 3.7L
3/28/2026 2:12:05 AM,3905,33532002,3/10/2025 12:00:00 AM,25102,4D SUV 4WD,0.00,0.00,0.00,0,0.00,0.00,BLACK,TRADE IN 3927,3,1J4GR48K25C632158,INSTOCK,AUTOMATIC,0.00, ,0.00,0.00,0.00,False,0,False,206880,0.00,2005,Jeep,Grand Cherokee,Laredo,21,,0,,0,2,,1/1/2001 12:00:00 AM,False,,,0.0000,,,,,0,,0,0,,2005 Jeep Grand Cherokee  4D SUV 4WD  3.7L V6 MPI 3.7L
3/28/2026 2:12:05 AM,4642,33532002,1/14/2026 12:00:00 AM,25664,UT,3990.00,0.00,0.00,0,3990.00,0.00,BLUE,Car Factory,1,1J4GA59158L623848,INSTOCK,AUTO,0.00, ,0.00,0.00,0.00,True,0,False,156281,3990.00,2008,Jeep,Wrangler,Unlimited Sahara,18,,0,,0,2,,1/1/2001 12:00:00 AM,False,,,0.0000,,,,,0,,0,0,,2008 Jeep Wrangler  4D SUV 4WD  3.8L V6 SFI 3.8L
3/28/2026 2:12:05 AM,4094,33532002,6/3/2025 12:00:00 AM,25236,4D Sedan,1905.00,0.00,0.00,0,1905.00,0.00,GRAY,Car Factory,1,5XXGR4A64DG227338,INSTOCK,AUTO,0.00, ,0.00,0.00,0.00,True,0,False,199369,1905.00,2013,Kia,Optima,SX,13,,0,,0,2,,1/1/2001 12:00:00 AM,False,,,0.0000,,,,,0,,0,0,,2013 Kia Optima  4D Sedan  2.0L I-4 DI DOHC T/C 2.0L
3/28/2026 2:12:05 AM,3986,33532002,4/21/2025 12:00:00 AM,25125,4D SUV FWD,5000.00,0.00,0.00,0,5000.00,0.00,ALUMINUM,Car Factory,1,5XYKT3A16DG322487,INSTOCK,AUTO,0.00, ,0.00,0.00,0.00,True,0,False,157205,5000.00,2013,Kia,Sorento,LX,13,,0,,0,2,,1/1/2001 12:00:00 AM,False,,,0.0000,,,,,0,,0,0,,2013 Kia Sorento  4D SUV FWD  2.4L I-4 MPI DOHC CVVT 2.
3/28/2026 2:12:05 AM,4774,33532002,2/27/2026 12:00:00 AM,26083,4D SUV FWD,5500.00,0.00,0.00,0,5500.00,0.00,BLACK,UNASSIGNED,1,KNDPM3AC8H7192090,INSTOCK,AUTOMATIC,0.00, ,0.00,0.00,0.00,False,0,False,151719,5500.00,2017,Kia,Sportage,LX,9,,0,,0,2,,1/1/2001 12:00:00 AM,False,,,0.0000,,,,,0,,0,0,,2017 Kia Sportage  4D SUV FWD  2.4L I-4 DI DOHC 2.4L
3/28/2026 2:12:05 AM,4710,33532002,2/2/2026 12:00:00 AM,26022,4D SUV 4WD,4585.00,0.00,0.00,0,4585.00,0.00,WHITE,Car Factory,1,JTJBT20X450084594,INSTOCK,AUTO,0.00, ,0.00,0.00,0.00,True,0,False,229746,4585.00,2005,Lexus,GX 470,,21,,0,,0,2,,1/1/2001 12:00:00 AM,False,,,0.0000,,,,,0,,0,0,,2005 Lexus GX 470  4D SUV 4WD  4.7L V8 DOHC 4.7L
3/28/2026 2:12:05 AM,4250,33532002,7/30/2025 12:00:00 AM,25363,4D Sedan AWD,1150.00,0.00,0.00,0,1150.00,0.00,WHITE,REPO 3355,2,JTHCK262472014282,REPO,,0.00, ,0.00,0.00,0.00,True,0,False,100000,1150.00,2007,Lexus,IS 250,,19,,0,,0,2,,1/1/2001 12:00:00 AM,False,,,0.0000,,,,,0,,0,0,,2007 Lexus IS 250  4D Sedan AWD  2.5L V6 MPI 2.5L
3/28/2026 2:12:05 AM,4138,33532002,6/20/2025 12:00:00 AM,25241,4D Sedan AWD,1080.00,0.00,0.00,0,1080.00,0.00,WHITE,Car Factory,2,JTHCK262872018559,INSTOCK,AUTO,0.00, ,0.00,0.00,0.00,True,0,False,200000,1080.00,2007,Lexus,IS 250,,19,,0,,0,2,,1/1/2001 12:00:00 AM,False,,,0.0000,,,,,0,,0,0,,2007 Lexus IS 250  4D Sedan AWD  2.5L V6 MPI 2.5L
3/28/2026 2:12:05 AM,3956,33532002,4/8/2025 12:00:00 AM,25118,4D SUV AWD,0.00,0.00,0.00,0,0.00,0.00,TAN,Car Factory,3,2T2HK31U97C011851,INSTOCK,AUTOMATIC,0.00, ,0.00,0.00,0.00,True,0,False,230868,0.00,2007,Lexus,RX 350,,19,,0,,0,2,,1/1/2001 12:00:00 AM,False,,,0.0000,,,,,0,,0,0,,2007 Lexus RX 350  4D SUV AWD  3.5L V6 SFI DOHC 3.5L
3/28/2026 2:12:05 AM,2990,33532002,4/16/2024 12:00:00 AM,24194,UT,2500.00,0.00,0.00,0,2500.00,0.00,WHITE,Car Factory,1,5LMRU27L0XLJ08157,INSTOCK,AUTO,0.00, ,0.00,0.00,0.00,True,0,False,255012,2500.00,1999,Lincoln,Navigator,,27,,0,,0,2,,1/1/2001 12:00:00 AM,False,,,0.0000,,,,,0,,0,0,,1999 Lincoln Navigator  4D SUV RWD  5.4L V8 EFI SOHC 5.4L
3/28/2026 2:12:05 AM,2561,33532002,11/14/2023 12:00:00 AM,23533,4D Sedan,8000.00,0.00,0.00,0,8000.00,0.00,BLACK,UNASSIGNED,1,WDBNG75J1YA095474,INSTOCK,AUTO,0.00, ,0.00,0.00,0.00,False,0,False,148045,8000.00,2000,Mercedes-Benz,S Class,S500,26,,0,,0,2,,1/1/2001 12:00:00 AM,False,,,0.0000,,,,,0,,0,0,,2000 Mercedes-Benz S Class  4D Sedan  5.0L V8 EFI DOHC 5.0L
3/28/2026 2:12:05 AM,3596,33532002,10/16/2024 12:00:00 AM,24579,UT,0.00,0.00,0.00,0,0.00,0.00,BLACK,TRADE IN 3673,3,4M2EU48E79UJ01313,INSTOCK,AUTOMATIC,0.00, ,0.00,0.00,0.00,False,0,False,190642,0.00,2009,Mercury,Mountaineer,Premier,17,,0,,0,2,,1/1/2001 12:00:00 AM,False,,,0.0000,,,,,0,,0,0,,2009 Mercury Mountaineer  4D SUV AWD  4.0L V6 EFI SOHC 4.0L
3/28/2026 2:12:05 AM,4790,33532002,3/6/2026 12:00:00 AM,26087,4D Sedan,1430.00,0.00,0.00,0,1430.00,0.00,GREEN,Car Factory,1,JA3AU26U39U039846,INSTOCK,AUTO,0.00, ,0.00,0.00,0.00,True,0,False,113118,1430.00,2009,Mitsubishi,Lancer,ES,17,,0,,0,2,,1/1/2001 12:00:00 AM,False,,,0.0000,,,,,0,,0,0,,2009 Mitsubishi Lancer  4D Sedan  2.0L I-4 MPI DOHC 2.0L
3/28/2026 2:12:05 AM,4657,33532002,1/20/2026 12:00:00 AM,26002,UT,3085.00,0.00,0.00,0,3085.00,0.00,BLACK,Car Factory,1,JA4AP3AU2JZ034628,INSTOCK,AUTO,0.00, ,0.00,0.00,0.00,True,0,False,168667,3085.00,2018,Mitsubishi,Outlander Sport,ES,8,,0,,0,2,,1/1/2001 12:00:00 AM,False,,,0.0000,,,,,0,,0,0,,2018 Mitsubishi Outlander Sport  4D SUV FWD 2.0L 5sp  2.0L I-4 MPI DOHC 2.0L
3/28/2026 2:12:05 AM,2991,33532002,4/15/2024 12:00:00 AM,24190,4D Sedan,0.00,0.00,0.00,0,0.00,0.00,,TRADE IN 3309,3,1N4AL2AP5CN570575,INSTOCK,AUTOMATIC,0.00, ,0.00,0.00,0.00,False,0,False,168000,0.00,2012,Nissan,Altima,SL,14,,0,,0,2,,1/1/2001 12:00:00 AM,False,,,0.0000,,,,,0,,0,0,,2012 Nissan Altima  4D Sedan  2.5L I-4 SMPI DOHC CVTCS 
3/28/2026 2:12:05 AM,4760,33532002,2/25/2026 12:00:00 AM,26070,4D Sedan,0.00,0.00,0.00,0,0.00,0.00,BLUE,Car Factory,3,3N1AB61E48L618578,INSTOCK,,0.00, ,0.00,0.00,0.00,True,0,False,197019,0.00,2008,Nissan,Sentra,S,18,,0,,0,2,,1/1/2001 12:00:00 AM,False,,,0.0000,,,,,0,,0,0,,2008 Nissan Sentra  4D Sedan  2.0L I-4 EFI DOHC 2.0L
3/28/2026 2:12:05 AM,3359,33532002,8/10/2024 12:00:00 AM,24449,Crew Cab 4WD,0.00,0.00,0.00,0,0.00,0.00,BLACK,TRADE IN 3541,3,1N6AA07BX4N577293,INSTOCK,AUTOMATIC,0.00, ,0.00,0.00,0.00,False,5137,False,268485,0.00,2004,Nissan,Titan,LE,22,,0,,0,2,,1/1/2001 12:00:00 AM,False,,,0.0000,,,,4WD,0,,0,0,,2004 Nissan Titan  Crew Cab 4WD  5.6L V8 MPI DOHC 5.6L
3/28/2026 2:12:05 AM,4589,33532002,12/27/2025 12:00:00 AM,25609,Crew Cab 4WD,4000.00,0.00,0.00,0,4000.00,0.00,GRAY,REPO 3903,2,1N6BA07B86N516211,REPO,AUTO,0.00, ,0.00,0.00,0.00,True,0,False,200000,4000.00,2006,Nissan,Titan,LE,20,,0,,0,2,,1/1/2001 12:00:00 AM,False,,,0.0000,,,,,0,,0,0,,2006 Nissan Titan  Crew Cab 4WD  5.6L V8 MPI DOHC 5.6L
3/28/2026 2:12:05 AM,2903,33532002,3/1/2024 12:00:00 AM,24074,King Cab,0.00,0.00,0.00,0,0.00,0.00,YELLOW,TRADE IN 3193,3,1N6BA06A88N310365,INSTOCK,AUTOMATIC,0.00, ,0.00,0.00,0.00,False,0,False,232112,0.00,2008,Nissan,Titan,SE,18,,0,,0,2,,1/1/2001 12:00:00 AM,False,,,0.0000,,,,,0,,0,0,,2008 Nissan Titan  King Cab  5.6L V8 MPI DOHC Flex 5.6
3/28/2026 2:12:05 AM,3930,33532002,3/31/2025 12:00:00 AM,25113,2D Convertible,1.00,0.00,0.00,0,1.00,0.00,RED,REPO 3225,2,1G2ZH36N674228810,REPO,AUTO,0.00, ,0.00,0.00,0.00,True,0,False,150000,1.00,2007,Pontiac,G6,GT,19,,0,,0,2,,1/1/2001 12:00:00 AM,False,,,0.0000,,,,,0,,0,0,,2007 Pontiac G6  2D Convertible  3.5L V6 SFI 3.5L
3/28/2026 2:12:05 AM,4041,33532002,5/6/2025 12:00:00 AM,25217,4D Sedan,1365.00,0.00,0.00,0,1365.00,0.00,GRAY,Car Factory,1,1G8ZV57777F224120,INSTOCK,AUTOMATIC,0.00, ,0.00,0.00,0.00,True,0,False,138702,1365.00,2007,Saturn,Aura,XR,19,,0,,0,2,,1/1/2001 12:00:00 AM,False,,,0.0000,,,,,0,,0,0,,2007 Saturn Aura  4D Sedan  3.6L V6 SFI 3.6L
3/28/2026 2:12:05 AM,4758,33532002,2/25/2026 12:00:00 AM,26069,4D Sedan,2000.00,0.00,0.00,0,2000.00,0.00,GREEN,Car Factory,2,4T1BD1FK2CU007522,INSTOCK,AUTO,0.00, ,0.00,0.00,0.00,True,0,False,239850,2000.00,2012,Toyota,Camry,Hybrid XLE,14,,0,,0,2,,1/1/2001 12:00:00 AM,False,,,0.0000,,,,,0,,0,0,,2012 Toyota Camry  4D Sedan  2.5L I-4 EFI DOHC Hybrid 
3/28/2026 2:12:05 AM,2585,33532002,11/13/2023 12:00:00 AM,23531,4D Sedan,0.00,0.00,0.00,0,0.00,0.00,,TRADE IN 3007,3,JTDBT123010109976,INSTOCK,5 SPEED MANUAL,0.00, ,0.00,0.00,0.00,False,0,False,313395,0.00,2001,Toyota,Echo,,25,,0,,0,2,,1/1/2001 12:00:00 AM,False,,,0.0000,,,,,0,,0,0,,2001 Toyota Echo  4D Sedan  1.5L I-4 EFI DOHC 1.5L
3/28/2026 2:12:05 AM,2884,33532002,3/22/2024 12:00:00 AM,24132,UT,1264.00,0.00,0.00,0,1264.00,0.00,BLUE,Car Factory,2,JTEGD21A830072554,INSTOCK,AUTO,0.00, ,0.00,0.00,0.00,False,0,False,200000,1264.00,2003,Toyota,Highlander,Base,23,,0,,0,2,,1/1/2001 12:00:00 AM,False,,,0.0000,,,,,0,,0,0,,2003 Toyota Highlander  4D SUV FWD 4cyl  2.4L I-4 EFI DOHC 2.4L
3/28/2026 2:12:05 AM,3822,33532002,2/14/2025 12:00:00 AM,25054,4D Hatchback,3650.00,0.00,0.00,0,3650.00,0.00,BLUE,Car Factory,1,JTDZN3EU5C3131630,INSTOCK,,0.00, ,0.00,0.00,0.00,True,0,False,238501,3650.00,2012,Toyota,Prius V,,14,,0,,0,2,,1/1/2001 12:00:00 AM,False,,,0.0000,,,,,2,,0,2,,2012 Toyota Prius V  4D Hatchback  1.8L I-4 EFI DOHC Hybrid 
3/28/2026 2:12:05 AM,4069,33532002,5/21/2025 12:00:00 AM,25234,Xtra Cab V6 at,1568.00,0.00,0.00,0,1568.00,0.00,TAN,REPO 3642,2,4TASN92N9YZ644865,REPO,AUTO,0.00, ,0.00,0.00,0.00,True,0,False,200000,1568.00,2000,Toyota,Tacoma,Prerunner SR5,26,,0,,0,2,,1/1/2001 12:00:00 AM,False,,,0.0000,,,,,0,,0,0,,2000 Toyota Tacoma  Xtra Cab V6 at  3.4L V6 EFI DOHC 3.4L
3/28/2026 2:12:05 AM,4725,33532002,2/12/2026 12:00:00 AM,26029,PK,3300.00,0.00,0.00,0,3690.00,0.00,ALUMINUM,UNASSIGNED,1,5TEGN92N83Z270448,INSTOCK,AUTO,0.00, ,390.00,0.00,0.00,False,0,False,295742,3690.00,2003,Toyota,Tacoma,Prerunner SR5,23,,0,,0,2,,1/1/2001 12:00:00 AM,False,,,0.0000,,,,,0,,0,0,,2003 Toyota Tacoma  Double Cab V6 at  3.4L V6 EFI DOHC 3.4L
3/28/2026 2:12:05 AM,4550,33532002,12/9/2025 12:00:00 AM,25576,Double Cab 4X4 V6,5190.00,0.00,0.00,0,5190.00,0.00,RED,Car Factory,1,3TMLU42N96M003096,INSTOCK,AUTO,0.00, ,0.00,0.00,0.00,True,0,False,192967,5190.00,2006,Toyota,Tacoma,SR5,20,,0,,0,2,,1/1/2001 12:00:00 AM,False,,,0.0000,,,,,0,,0,0,,2006 Toyota Tacoma  Double Cab 4X4 V6  4.0L V6 EFI DOHC 4.0L
3/28/2026 2:12:05 AM,3924,33532002,3/29/2025 12:00:00 AM,25110,Access Cab,5680.00,0.00,0.00,0,5680.00,0.00,WHITE,Car Factory,1,5TFTX4CNXFX048046,INSTOCK,AUTO,0.00, ,0.00,0.00,0.00,True,0,False,236605,5680.00,2015,Toyota,Tacoma,Base,11,,0,,0,2,,1/1/2001 12:00:00 AM,False,,,0.0000,,,,,0,,0,0,,2015 Toyota Tacoma  Access Cab  2.7L I-4 EFI DOHC 2.7L
3/28/2026 2:12:05 AM,2759,33532002,2/1/2024 12:00:00 AM,24019,4D Sedan,1445.00,0.00,0.00,0,1445.00,0.00,BLUE,Car Factory,1,3VWJM71K28M026512,INSTOCK,AUTO,0.00, ,0.00,0.00,0.00,True,0,False,179183,1445.00,2008,Volkswagen,Jetta,S,18,,0,,0,2,,1/1/2001 12:00:00 AM,False,,,0.0000,,,,,0,,0,0,,2008 Volkswagen Jetta  4D Sedan  2.5L I-5 MPI 2.5L
3/28/2026 2:12:05 AM,4839,33532002,3/20/2026 12:00:00 AM,26127,4D Sedan,2150.00,0.00,0.00,0,2150.00,0.00,GRAY,Car Factory,1,3VWLL7AJ9CM322235,INSTOCK,AUTO,0.00, ,0.00,0.00,0.00,True,0,False,131879,2150.00,2012,Volkswagen,Jetta,TDI,14,,0,,0,2,,1/1/2001 12:00:00 AM,False,,,0.0000,,,,,0,,0,0,,2012 Volkswagen Jetta  4D Sedan  2.0L I-4 DI SOHC TDsl 2.0
3/28/2026 2:12:05 AM,4704,33532002,1/29/2026 12:00:00 AM,26018,4D Sedan,3230.00,0.00,0.00,0,3230.00,0.00,WHITE,Car Factory,1,3VW2B7AJ7HM324426,INSTOCK,AUTO,0.00, ,0.00,0.00,0.00,True,0,False,166919,3230.00,2017,Volkswagen,Jetta,S,9,,0,,0,2,,1/1/2001 12:00:00 AM,False,,,0.0000,,,,,0,,0,0,,2017 Volkswagen Jetta  4D Sedan  1.4L I-4 DI DOHC T/C 1.4L
